records=1000 train_batches=9 val_batches=1 batch=96 device=cuda budget=0.6h
auto-batch -> 96
  e0 s0 g1 loss 22.6146 (c/l/t 0.787/0.995/1.042) 0.00h
epoch    0 train 21.6089 val 20.4737 lr 1.00e-04 0.00h
  e1 s0 g10 loss 20.5795 (c/l/t 0.789/0.847/0.947) 0.00h
epoch    1 train 19.8933 val 19.0620 lr 1.00e-04 0.00h
  e2 s0 g19 loss 18.9104 (c/l/t 0.867/0.887/0.858) 0.00h
epoch    2 train 17.5836 val 15.8799 lr 1.00e-04 0.00h
  e3 s0 g28 loss 16.4752 (c/l/t 0.818/0.916/0.737) 0.00h
epoch    3 train 15.5419 val 14.3771 lr 1.00e-04 0.00h
  e4 s0 g37 loss 14.9080 (c/l/t 0.828/0.905/0.659) 0.00h
epoch    4 train 14.5309 val 13.0920 lr 1.00e-04 0.00h
  e5 s0 g46 loss 13.9037 (c/l/t 0.787/1.044/0.604) 0.00h
epoch    5 train 13.2755 val 12.3171 lr 1.00e-04 0.00h
  e6 s0 g55 loss 12.5379 (c/l/t 0.747/0.713/0.554) 0.00h
epoch    6 train 12.2789 val 12.1274 lr 1.00e-04 0.00h
  e7 s0 g64 loss 11.3473 (c/l/t 0.816/0.897/0.482) 0.00h
epoch    7 train 11.7459 val 12.1290 lr 1.00e-04 0.00h
  e8 s0 g73 loss 11.2471 (c/l/t 0.826/0.716/0.485) 0.00h
epoch    8 train 11.2213 val 11.3663 lr 1.00e-04 0.00h
  e9 s0 g82 loss 11.3267 (c/l/t 0.788/0.919/0.481) 0.00h
epoch    9 train 10.6007 val 9.9881 lr 1.00e-04 0.00h
  e10 s0 g91 loss 10.7023 (c/l/t 0.886/0.783/0.452) 0.01h
epoch   10 train 10.2062 val 9.5977 lr 1.00e-04 0.01h
  e11 s0 g100 loss 10.1689 (c/l/t 0.828/0.742/0.430) 0.01h
epoch   11 train 9.4793 val 9.3363 lr 1.00e-04 0.01h
  e12 s0 g109 loss 9.8740 (c/l/t 0.813/0.487/0.429) 0.01h
epoch   12 train 9.2396 val 9.2729 lr 1.00e-04 0.01h
  e13 s0 g118 loss 8.0667 (c/l/t 0.743/1.010/0.316) 0.01h
epoch   13 train 8.5250 val 8.2256 lr 1.00e-04 0.01h
  e14 s0 g127 loss 8.6840 (c/l/t 0.717/0.992/0.349) 0.01h
epoch   14 train 8.3229 val 8.1017 lr 1.00e-04 0.01h
  e15 s0 g136 loss 8.4196 (c/l/t 0.785/0.916/0.336) 0.01h
epoch   15 train 7.9118 val 8.7993 lr 1.00e-04 0.01h
  e16 s0 g145 loss 7.1644 (c/l/t 0.727/0.980/0.273) 0.01h
epoch   16 train 7.5882 val 9.5148 lr 1.00e-04 0.01h
  e17 s0 g154 loss 7.1538 (c/l/t 0.738/0.827/0.279) 0.01h
epoch   17 train 7.4384 val 5.9353 lr 1.00e-04 0.01h
  e18 s0 g163 loss 8.4598 (c/l/t 0.806/0.884/0.339) 0.01h
epoch   18 train 7.5313 val 8.4342 lr 1.00e-04 0.01h
  e19 s0 g172 loss 7.0486 (c/l/t 0.746/0.748/0.278) 0.01h
epoch   19 train 6.8959 val 6.6393 lr 1.00e-04 0.01h
  e20 s0 g181 loss 6.9575 (c/l/t 0.806/0.943/0.260) 0.01h
epoch   20 train 6.4835 val 6.8823 lr 1.00e-04 0.01h
  e21 s0 g190 loss 6.4456 (c/l/t 0.778/1.276/0.220) 0.01h
epoch   21 train 6.2761 val 5.3989 lr 1.00e-04 0.01h
  e22 s0 g199 loss 6.1578 (c/l/t 0.681/0.796/0.234) 0.01h
epoch   22 train 6.4100 val 6.8415 lr 1.00e-04 0.01h
  e23 s0 g208 loss 5.8672 (c/l/t 0.850/0.755/0.213) 0.01h
epoch   23 train 5.8347 val 4.4598 lr 1.00e-04 0.01h
  e24 s0 g217 loss 5.4166 (c/l/t 0.807/0.678/0.197) 0.01h
epoch   24 train 6.1108 val 3.8678 lr 1.00e-04 0.01h
  e25 s0 g226 loss 5.5692 (c/l/t 0.769/0.931/0.193) 0.01h
epoch   25 train 5.3291 val 5.2755 lr 1.00e-04 0.01h
  e26 s0 g235 loss 4.3613 (c/l/t 0.793/0.682/0.144) 0.01h
epoch   26 train 5.8440 val 5.2870 lr 1.00e-04 0.01h
  e27 s0 g244 loss 5.6618 (c/l/t 0.719/1.035/0.195) 0.01h
epoch   27 train 5.4318 val 5.3060 lr 1.00e-04 0.01h
  e28 s0 g253 loss 5.6334 (c/l/t 0.764/0.688/0.209) 0.01h
epoch   28 train 5.8341 val 4.4829 lr 1.00e-04 0.01h
  e29 s0 g262 loss 4.9864 (c/l/t 0.795/0.874/0.166) 0.01h
epoch   29 train 5.2276 val 4.8050 lr 1.00e-04 0.01h
  e30 s0 g271 loss 4.8491 (c/l/t 0.741/0.924/0.159) 0.01h
epoch   30 train 5.4024 val 5.3456 lr 1.00e-04 0.02h
  e31 s0 g280 loss 4.9114 (c/l/t 0.769/0.760/0.169) 0.02h
epoch   31 train 5.0030 val 4.6692 lr 1.00e-04 0.02h
  e32 s0 g289 loss 5.5727 (c/l/t 0.792/0.988/0.190) 0.02h
epoch   32 train 5.0746 val 3.5751 lr 1.00e-04 0.02h
  e33 s0 g298 loss 5.3407 (c/l/t 0.792/0.764/0.189) 0.02h
epoch   33 train 4.8999 val 3.8078 lr 1.00e-04 0.02h
  e34 s0 g307 loss 5.4336 (c/l/t 0.746/0.890/0.190) 0.02h
epoch   34 train 5.0027 val 5.4195 lr 1.00e-04 0.02h
  e35 s0 g316 loss 4.1627 (c/l/t 0.766/0.800/0.130) 0.02h
epoch   35 train 4.8898 val 3.3796 lr 1.00e-04 0.02h
  e36 s0 g325 loss 4.3431 (c/l/t 0.858/0.814/0.134) 0.02h
epoch   36 train 4.7695 val 3.4857 lr 1.00e-04 0.02h
  e37 s0 g334 loss 4.5192 (c/l/t 0.752/0.745/0.151) 0.02h
epoch   37 train 4.6238 val 4.4631 lr 1.00e-04 0.02h
  e38 s0 g343 loss 4.5777 (c/l/t 0.782/0.831/0.148) 0.02h
epoch   38 train 4.7064 val 4.4535 lr 1.00e-04 0.02h
  e39 s0 g352 loss 4.1479 (c/l/t 0.726/0.558/0.143) 0.02h
epoch   39 train 4.7574 val 4.9189 lr 1.00e-04 0.02h
  e40 s0 g361 loss 5.2203 (c/l/t 0.830/0.925/0.173) 0.02h
epoch   40 train 4.8393 val 5.7565 lr 1.00e-04 0.02h
  e41 s0 g370 loss 4.1185 (c/l/t 0.745/0.834/0.127) 0.02h
epoch   41 train 4.7773 val 5.3762 lr 1.00e-04 0.02h
  e42 s0 g379 loss 4.8583 (c/l/t 0.779/0.744/0.167) 0.02h
epoch   42 train 4.5617 val 4.8002 lr 1.00e-04 0.02h
  e43 s0 g388 loss 4.6802 (c/l/t 0.824/0.733/0.156) 0.02h
epoch   43 train 4.6522 val 4.0977 lr 1.00e-04 0.02h
  e44 s0 g397 loss 3.6868 (c/l/t 0.759/0.735/0.110) 0.02h
epoch   44 train 4.5837 val 4.3147 lr 1.00e-04 0.02h
  e45 s0 g406 loss 4.6415 (c/l/t 0.773/0.767/0.155) 0.02h
epoch   45 train 4.4409 val 4.0529 lr 1.00e-04 0.02h
  e46 s0 g415 loss 4.6346 (c/l/t 0.822/0.835/0.149) 0.02h
epoch   46 train 4.2907 val 4.2404 lr 1.00e-04 0.02h
  e47 s0 g424 loss 4.3824 (c/l/t 0.749/0.791/0.142) 0.02h
epoch   47 train 4.4234 val 3.8456 lr 1.00e-04 0.02h
  e48 s0 g433 loss 4.8140 (c/l/t 0.808/0.894/0.156) 0.02h
epoch   48 train 4.3483 val 3.2374 lr 1.00e-04 0.02h
  e49 s0 g442 loss 4.8834 (c/l/t 0.785/1.059/0.152) 0.02h
epoch   49 train 4.4156 val 3.6037 lr 1.00e-04 0.02h
  e50 s0 g451 loss 4.3117 (c/l/t 0.782/0.826/0.135) 0.02h
epoch   50 train 4.2482 val 3.7951 lr 1.00e-04 0.02h
  e51 s0 g460 loss 4.2184 (c/l/t 0.784/0.750/0.134) 0.02h
epoch   51 train 4.1709 val 3.5661 lr 1.00e-04 0.03h
  e52 s0 g469 loss 4.9191 (c/l/t 0.755/0.775/0.169) 0.03h
epoch   52 train 4.2876 val 3.9323 lr 1.00e-04 0.03h
  e53 s0 g478 loss 4.5454 (c/l/t 0.773/0.801/0.149) 0.03h
epoch   53 train 4.2127 val 3.2613 lr 1.00e-04 0.03h
  e54 s0 g487 loss 3.9950 (c/l/t 0.855/0.889/0.113) 0.03h
epoch   54 train 3.9854 val 2.4694 lr 1.00e-04 0.03h
  e55 s0 g496 loss 3.8833 (c/l/t 0.769/0.778/0.117) 0.03h
epoch   55 train 3.8841 val 6.2020 lr 1.00e-04 0.03h
  e56 s0 g505 loss 4.6461 (c/l/t 0.809/0.900/0.147) 0.03h
epoch   56 train 4.1824 val 3.6591 lr 1.00e-04 0.03h
  e57 s0 g514 loss 4.9119 (c/l/t 0.810/0.718/0.169) 0.03h
epoch   57 train 4.1111 val 3.9513 lr 1.00e-04 0.03h
  e58 s0 g523 loss 4.6135 (c/l/t 0.799/0.736/0.154) 0.03h
epoch   58 train 3.8541 val 3.6516 lr 1.00e-04 0.03h
  e59 s0 g532 loss 3.9286 (c/l/t 0.802/0.816/0.115) 0.03h
epoch   59 train 4.0690 val 3.5078 lr 1.00e-04 0.03h
  e60 s0 g541 loss 3.7287 (c/l/t 0.781/0.744/0.110) 0.03h
epoch   60 train 4.1277 val 4.0319 lr 1.00e-04 0.03h
  e61 s0 g550 loss 3.9534 (c/l/t 0.732/0.766/0.123) 0.03h
epoch   61 train 4.1136 val 2.5487 lr 1.00e-04 0.03h
  e62 s0 g559 loss 4.2799 (c/l/t 0.739/0.714/0.141) 0.03h
epoch   62 train 4.1524 val 3.0802 lr 1.00e-04 0.03h
  e63 s0 g568 loss 3.7783 (c/l/t 0.748/0.827/0.110) 0.03h
epoch   63 train 3.8397 val 3.9882 lr 1.00e-04 0.03h
  e64 s0 g577 loss 3.5584 (c/l/t 0.652/0.686/0.111) 0.03h
epoch   64 train 4.0777 val 4.0576 lr 1.00e-04 0.03h
  e65 s0 g586 loss 3.7160 (c/l/t 0.786/0.830/0.105) 0.03h
epoch   65 train 3.7729 val 2.5730 lr 1.00e-04 0.03h
  e66 s0 g595 loss 3.7332 (c/l/t 0.771/0.887/0.104) 0.03h
epoch   66 train 3.7087 val 4.2721 lr 1.00e-04 0.03h
  e67 s0 g604 loss 3.4736 (c/l/t 0.766/0.826/0.094) 0.03h
epoch   67 train 4.0191 val 3.2322 lr 1.00e-04 0.03h
  e68 s0 g613 loss 3.8430 (c/l/t 0.797/0.658/0.119) 0.03h
epoch   68 train 4.0252 val 2.3978 lr 1.00e-04 0.03h
  e69 s0 g622 loss 3.5878 (c/l/t 0.773/0.758/0.103) 0.03h
epoch   69 train 3.7433 val 2.4138 lr 1.00e-04 0.03h
  e70 s0 g631 loss 4.3852 (c/l/t 0.790/0.916/0.134) 0.03h
epoch   70 train 3.6666 val 3.1421 lr 1.00e-04 0.03h
  e71 s0 g640 loss 3.5931 (c/l/t 0.737/0.820/0.102) 0.03h
epoch   71 train 3.9816 val 3.4087 lr 1.00e-04 0.03h
  e72 s0 g649 loss 3.4252 (c/l/t 0.737/0.684/0.100) 0.03h
epoch   72 train 3.7296 val 3.0977 lr 1.00e-04 0.03h
  e73 s0 g658 loss 3.4089 (c/l/t 0.729/0.751/0.096) 0.04h
epoch   73 train 3.9413 val 2.2403 lr 1.00e-04 0.04h
  e74 s0 g667 loss 4.2987 (c/l/t 0.793/0.726/0.139) 0.04h
epoch   74 train 3.8464 val 5.3896 lr 1.00e-04 0.04h
  e75 s0 g676 loss 4.1891 (c/l/t 0.818/0.969/0.120) 0.04h
epoch   75 train 3.9657 val 2.9087 lr 1.00e-04 0.04h
  e76 s0 g685 loss 3.8904 (c/l/t 0.793/0.801/0.115) 0.04h
epoch   76 train 3.7789 val 4.6654 lr 1.00e-04 0.04h
  e77 s0 g694 loss 4.2319 (c/l/t 0.761/0.778/0.135) 0.04h
epoch   77 train 3.9151 val 2.8918 lr 1.00e-04 0.04h
  e78 s0 g703 loss 4.8115 (c/l/t 0.754/0.776/0.164) 0.04h
epoch   78 train 3.9501 val 3.2474 lr 1.00e-04 0.04h
  e79 s0 g712 loss 4.5672 (c/l/t 0.756/0.862/0.147) 0.04h
epoch   79 train 3.6696 val 3.4926 lr 1.00e-04 0.04h
  e80 s0 g721 loss 3.2738 (c/l/t 0.858/0.809/0.080) 0.04h
epoch   80 train 3.5378 val 2.9405 lr 1.00e-04 0.04h
  e81 s0 g730 loss 3.7448 (c/l/t 0.773/0.686/0.114) 0.04h
epoch   81 train 3.7310 val 3.0125 lr 1.00e-04 0.04h
  e82 s0 g739 loss 4.0884 (c/l/t 0.795/0.785/0.125) 0.04h
epoch   82 train 3.6305 val 2.0524 lr 1.00e-04 0.04h
  e83 s0 g748 loss 3.5025 (c/l/t 0.752/0.862/0.094) 0.04h
epoch   83 train 3.8546 val 2.7439 lr 1.00e-04 0.04h
  e84 s0 g757 loss 3.5494 (c/l/t 0.762/0.744/0.102) 0.04h
epoch   84 train 3.4737 val 3.4851 lr 1.00e-04 0.04h
  e85 s0 g766 loss 4.2740 (c/l/t 0.822/0.704/0.137) 0.04h
epoch   85 train 3.5563 val 3.8724 lr 1.00e-04 0.04h
  e86 s0 g775 loss 2.8470 (c/l/t 0.784/0.700/0.068) 0.04h
epoch   86 train 3.5442 val 3.5817 lr 1.00e-04 0.04h
  e87 s0 g784 loss 3.4101 (c/l/t 0.850/0.541/0.101) 0.04h
epoch   87 train 3.7770 val 2.8985 lr 1.00e-04 0.04h
  e88 s0 g793 loss 3.7320 (c/l/t 0.774/0.686/0.114) 0.04h
epoch   88 train 3.6322 val 4.5227 lr 1.00e-04 0.04h
  e89 s0 g802 loss 3.7881 (c/l/t 0.690/0.804/0.115) 0.04h
epoch   89 train 3.6254 val 3.3164 lr 1.00e-04 0.04h
  e90 s0 g811 loss 2.9344 (c/l/t 0.747/0.599/0.079) 0.04h
epoch   90 train 3.4093 val 2.7128 lr 1.00e-04 0.04h
  e91 s0 g820 loss 3.4187 (c/l/t 0.808/0.842/0.088) 0.04h
epoch   91 train 3.5805 val 3.6176 lr 1.00e-04 0.04h
  e92 s0 g829 loss 2.8268 (c/l/t 0.678/0.621/0.076) 0.04h
epoch   92 train 3.5995 val 3.8961 lr 1.00e-04 0.04h
  e93 s0 g838 loss 3.9490 (c/l/t 0.718/0.588/0.132) 0.04h
epoch   93 train 3.7435 val 2.6611 lr 1.00e-04 0.04h
  e94 s0 g847 loss 3.4610 (c/l/t 0.729/0.788/0.097) 0.04h
epoch   94 train 3.4649 val 3.2876 lr 1.00e-04 0.05h
  e95 s0 g856 loss 3.5591 (c/l/t 0.749/0.665/0.107) 0.05h
epoch   95 train 3.3885 val 3.1048 lr 1.00e-04 0.05h
  e96 s0 g865 loss 3.1038 (c/l/t 0.762/0.744/0.080) 0.05h
epoch   96 train 3.3907 val 2.2201 lr 1.00e-04 0.05h
  e97 s0 g874 loss 3.1076 (c/l/t 0.791/0.602/0.086) 0.05h
epoch   97 train 3.3195 val 3.4837 lr 1.00e-04 0.05h
  e98 s0 g883 loss 4.1648 (c/l/t 0.829/0.854/0.124) 0.05h
epoch   98 train 3.7905 val 2.9118 lr 1.00e-04 0.05h
  e99 s0 g892 loss 3.2386 (c/l/t 0.760/0.696/0.089) 0.05h
epoch   99 train 3.4138 val 3.5648 lr 1.00e-04 0.05h
  e100 s0 g901 loss 3.3458 (c/l/t 0.809/0.730/0.090) 0.05h
epoch  100 train 3.4547 val 2.4329 lr 1.00e-04 0.05h
  e101 s0 g910 loss 3.5915 (c/l/t 0.725/0.721/0.107) 0.05h
epoch  101 train 3.5017 val 4.0788 lr 1.00e-04 0.05h
  e102 s0 g919 loss 3.5557 (c/l/t 0.728/0.698/0.106) 0.05h
epoch  102 train 3.5140 val 2.6126 lr 1.00e-04 0.05h
  e103 s0 g928 loss 3.6809 (c/l/t 0.788/0.746/0.107) 0.05h
epoch  103 train 3.5510 val 3.0753 lr 1.00e-04 0.05h
  e104 s0 g937 loss 3.3269 (c/l/t 0.794/0.606/0.096) 0.05h
epoch  104 train 3.2696 val 4.4275 lr 1.00e-04 0.05h
  e105 s0 g946 loss 3.4199 (c/l/t 0.765/0.765/0.095) 0.05h
epoch  105 train 3.3019 val 2.2524 lr 1.00e-04 0.05h
  e106 s0 g955 loss 2.9523 (c/l/t 0.750/0.704/0.075) 0.05h
epoch  106 train 3.2834 val 3.7203 lr 1.00e-04 0.05h
  e107 s0 g964 loss 3.5793 (c/l/t 0.741/0.625/0.111) 0.05h
epoch  107 train 3.5177 val 4.2499 lr 1.00e-04 0.05h
  e108 s0 g973 loss 3.2441 (c/l/t 0.659/0.923/0.083) 0.05h
epoch  108 train 3.3213 val 3.7819 lr 1.00e-04 0.05h
  e109 s0 g982 loss 3.4174 (c/l/t 0.745/0.816/0.093) 0.05h
epoch  109 train 3.3575 val 4.4495 lr 1.00e-04 0.05h
  e110 s0 g991 loss 3.1775 (c/l/t 0.761/0.595/0.091) 0.05h
epoch  110 train 3.2720 val 2.0278 lr 1.00e-04 0.05h
  e111 s0 g1000 loss 2.5281 (c/l/t 0.795/0.671/0.053) 0.05h
epoch  111 train 3.3461 val 1.9685 lr 1.00e-04 0.05h
  e112 s0 g1009 loss 3.1300 (c/l/t 0.808/0.743/0.079) 0.05h
epoch  112 train 3.2310 val 3.6674 lr 1.00e-04 0.05h
  e113 s0 g1018 loss 3.4352 (c/l/t 0.773/0.596/0.103) 0.05h
epoch  113 train 3.3867 val 2.3089 lr 1.00e-04 0.05h
  e114 s0 g1027 loss 3.0135 (c/l/t 0.707/0.751/0.078) 0.05h
epoch  114 train 3.3271 val 3.2429 lr 1.00e-04 0.05h
  e115 s0 g1036 loss 3.4105 (c/l/t 0.789/0.661/0.098) 0.06h
epoch  115 train 3.3031 val 2.8368 lr 1.00e-04 0.06h
  e116 s0 g1045 loss 2.6096 (c/l/t 0.811/0.652/0.057) 0.06h
epoch  116 train 3.3118 val 2.9578 lr 1.00e-04 0.06h
  e117 s0 g1054 loss 3.2689 (c/l/t 0.722/0.576/0.099) 0.06h
epoch  117 train 3.4951 val 2.8211 lr 1.00e-04 0.06h
  e118 s0 g1063 loss 3.6717 (c/l/t 0.724/0.770/0.109) 0.06h
epoch  118 train 3.3652 val 4.1083 lr 1.00e-04 0.06h
  e119 s0 g1072 loss 3.3474 (c/l/t 0.783/0.579/0.099) 0.06h
epoch  119 train 3.4155 val 3.3528 lr 1.00e-04 0.06h
  e120 s0 g1081 loss 3.9238 (c/l/t 0.838/0.789/0.115) 0.06h
epoch  120 train 3.3967 val 3.0954 lr 1.00e-04 0.06h
  e121 s0 g1090 loss 2.9436 (c/l/t 0.754/0.741/0.072) 0.06h
epoch  121 train 3.3241 val 2.1026 lr 1.00e-04 0.06h
  e122 s0 g1099 loss 3.0728 (c/l/t 0.790/0.727/0.078) 0.06h
epoch  122 train 3.2041 val 2.8129 lr 1.00e-04 0.06h
  e123 s0 g1108 loss 2.4969 (c/l/t 0.797/0.630/0.053) 0.06h
epoch  123 train 3.1892 val 2.8383 lr 1.00e-04 0.06h
  e124 s0 g1117 loss 2.8062 (c/l/t 0.779/0.838/0.059) 0.06h
epoch  124 train 3.1945 val 4.9284 lr 1.00e-04 0.06h
  e125 s0 g1126 loss 3.2865 (c/l/t 0.815/0.504/0.098) 0.06h
epoch  125 train 3.3856 val 2.6124 lr 1.00e-04 0.06h
  e126 s0 g1135 loss 2.9809 (c/l/t 0.815/0.679/0.074) 0.06h
epoch  126 train 3.0846 val 3.0275 lr 1.00e-04 0.06h
  e127 s0 g1144 loss 3.3739 (c/l/t 0.816/0.797/0.088) 0.06h
epoch  127 train 3.2528 val 2.5139 lr 1.00e-04 0.06h
  e128 s0 g1153 loss 4.0199 (c/l/t 0.789/0.477/0.138) 0.06h
epoch  128 train 3.4026 val 4.0021 lr 1.00e-04 0.06h
  e129 s0 g1162 loss 3.1802 (c/l/t 0.701/0.670/0.090) 0.06h
epoch  129 train 3.2297 val 2.2854 lr 1.00e-04 0.06h
  e130 s0 g1171 loss 3.5686 (c/l/t 0.685/0.732/0.108) 0.06h
epoch  130 train 3.3763 val 2.7046 lr 1.00e-04 0.06h
  e131 s0 g1180 loss 3.4970 (c/l/t 0.776/0.592/0.106) 0.06h
epoch  131 train 3.3761 val 2.7089 lr 1.00e-04 0.06h
  e132 s0 g1189 loss 3.4504 (c/l/t 0.782/0.491/0.109) 0.06h
epoch  132 train 3.3660 val 3.9600 lr 1.00e-04 0.06h
  e133 s0 g1198 loss 2.8943 (c/l/t 0.765/0.494/0.082) 0.06h
epoch  133 train 3.1660 val 3.2810 lr 1.00e-04 0.06h
  e134 s0 g1207 loss 3.4114 (c/l/t 0.752/0.689/0.098) 0.06h
epoch  134 train 3.4669 val 3.0456 lr 1.00e-04 0.06h
  e135 s0 g1216 loss 2.9749 (c/l/t 0.669/0.632/0.084) 0.06h
epoch  135 train 3.2968 val 1.9945 lr 1.00e-04 0.06h
  e136 s0 g1225 loss 3.6684 (c/l/t 0.804/0.715/0.107) 0.06h
epoch  136 train 3.0142 val 2.3128 lr 1.00e-04 0.07h
  e137 s0 g1234 loss 3.0364 (c/l/t 0.787/0.582/0.083) 0.07h
epoch  137 train 3.2618 val 1.9357 lr 1.00e-04 0.07h
  e138 s0 g1243 loss 3.4947 (c/l/t 0.768/0.609/0.106) 0.07h
epoch  138 train 3.4616 val 2.5162 lr 1.00e-04 0.07h
  e139 s0 g1252 loss 3.0909 (c/l/t 0.771/0.673/0.082) 0.07h
epoch  139 train 3.0836 val 3.1426 lr 1.00e-04 0.07h
  e140 s0 g1261 loss 2.9880 (c/l/t 0.778/0.847/0.068) 0.07h
epoch  140 train 2.9334 val 2.7441 lr 1.00e-04 0.07h
  e141 s0 g1270 loss 3.7092 (c/l/t 0.729/0.752/0.111) 0.07h
epoch  141 train 3.2139 val 3.2176 lr 1.00e-04 0.07h
  e142 s0 g1279 loss 2.7682 (c/l/t 0.786/0.760/0.061) 0.07h
epoch  142 train 3.2548 val 3.2129 lr 1.00e-04 0.07h
  e143 s0 g1288 loss 2.8267 (c/l/t 0.713/0.676/0.072) 0.07h
epoch  143 train 3.0514 val 3.2865 lr 1.00e-04 0.07h
  e144 s0 g1297 loss 2.3797 (c/l/t 0.719/0.576/0.054) 0.07h
epoch  144 train 3.1319 val 3.1346 lr 1.00e-04 0.07h
  e145 s0 g1306 loss 2.8964 (c/l/t 0.762/0.550/0.079) 0.07h
epoch  145 train 3.0866 val 2.2616 lr 1.00e-04 0.07h
  e146 s0 g1315 loss 3.3903 (c/l/t 0.802/0.726/0.093) 0.07h
epoch  146 train 3.3150 val 2.3815 lr 1.00e-04 0.07h
  e147 s0 g1324 loss 2.9374 (c/l/t 0.781/0.615/0.077) 0.07h
epoch  147 train 3.1425 val 1.9220 lr 1.00e-04 0.07h
  e148 s0 g1333 loss 3.3306 (c/l/t 0.768/0.828/0.087) 0.07h
epoch  148 train 2.9577 val 2.6579 lr 1.00e-04 0.07h
  e149 s0 g1342 loss 3.3129 (c/l/t 0.765/0.532/0.101) 0.07h
epoch  149 train 3.1779 val 2.6106 lr 1.00e-04 0.07h
  e150 s0 g1351 loss 3.0456 (c/l/t 0.682/0.600/0.088) 0.07h
epoch  150 train 3.2703 val 2.8575 lr 1.00e-04 0.07h
  e151 s0 g1360 loss 4.0183 (c/l/t 0.868/0.625/0.126) 0.07h
epoch  151 train 3.1073 val 3.6133 lr 1.00e-04 0.07h
  e152 s0 g1369 loss 2.8442 (c/l/t 0.692/0.681/0.074) 0.07h
epoch  152 train 2.9783 val 3.4322 lr 1.00e-04 0.07h
  e153 s0 g1378 loss 2.8535 (c/l/t 0.790/0.474/0.079) 0.07h
epoch  153 train 3.0724 val 3.3135 lr 1.00e-04 0.07h
  e154 s0 g1387 loss 3.3411 (c/l/t 0.715/0.635/0.100) 0.07h
epoch  154 train 3.1090 val 2.4652 lr 1.00e-04 0.07h
  e155 s0 g1396 loss 3.4511 (c/l/t 0.781/0.488/0.109) 0.07h
epoch  155 train 3.1406 val 1.9783 lr 1.00e-04 0.07h
  e156 s0 g1405 loss 3.2283 (c/l/t 0.728/0.654/0.092) 0.07h
epoch  156 train 3.1509 val 2.8880 lr 1.00e-04 0.07h
  e157 s0 g1414 loss 3.4744 (c/l/t 0.716/0.788/0.099) 0.07h
epoch  157 train 3.0727 val 2.0768 lr 1.00e-04 0.08h
  e158 s0 g1423 loss 3.0338 (c/l/t 0.826/0.592/0.081) 0.08h
epoch  158 train 2.8874 val 3.1727 lr 1.00e-04 0.08h
  e159 s0 g1432 loss 3.1239 (c/l/t 0.769/0.726/0.081) 0.08h
epoch  159 train 3.0364 val 2.4391 lr 1.00e-04 0.08h
  e160 s0 g1441 loss 2.9788 (c/l/t 0.806/0.911/0.063) 0.08h
epoch  160 train 3.2762 val 3.7603 lr 1.00e-04 0.08h
  e161 s0 g1450 loss 2.8831 (c/l/t 0.681/0.592/0.080) 0.08h
epoch  161 train 3.0896 val 2.0424 lr 1.00e-04 0.08h
  e162 s0 g1459 loss 2.3997 (c/l/t 0.815/0.521/0.053) 0.08h
epoch  162 train 3.2600 val 3.5057 lr 1.00e-04 0.08h
  e163 s0 g1468 loss 2.9074 (c/l/t 0.731/0.757/0.071) 0.08h
epoch  163 train 3.1643 val 2.4321 lr 1.00e-04 0.08h
  e164 s0 g1477 loss 2.7575 (c/l/t 0.792/0.494/0.074) 0.08h
epoch  164 train 3.2716 val 2.6583 lr 1.00e-04 0.08h
  e165 s0 g1486 loss 3.3200 (c/l/t 0.831/0.813/0.084) 0.08h
epoch  165 train 3.3153 val 2.8366 lr 1.00e-04 0.08h
  e166 s0 g1495 loss 3.6134 (c/l/t 0.751/0.830/0.102) 0.08h
epoch  166 train 3.2121 val 2.4596 lr 1.00e-04 0.08h
  e167 s0 g1504 loss 3.3472 (c/l/t 0.787/0.768/0.090) 0.08h
epoch  167 train 3.3753 val 2.4370 lr 1.00e-04 0.08h
  e168 s0 g1513 loss 3.1984 (c/l/t 0.735/0.650/0.091) 0.08h
epoch  168 train 3.1084 val 3.7729 lr 1.00e-04 0.08h
  e169 s0 g1522 loss 2.7497 (c/l/t 0.778/0.712/0.063) 0.08h
epoch  169 train 3.0585 val 3.4295 lr 1.00e-04 0.08h
  e170 s0 g1531 loss 3.0102 (c/l/t 0.783/0.584/0.082) 0.08h
epoch  170 train 3.1128 val 2.1545 lr 1.00e-04 0.08h
  e171 s0 g1540 loss 2.8312 (c/l/t 0.725/0.769/0.067) 0.08h
epoch  171 train 2.8713 val 2.3533 lr 1.00e-04 0.08h
  e172 s0 g1549 loss 2.9283 (c/l/t 0.750/0.595/0.079) 0.08h
epoch  172 train 3.1798 val 2.9760 lr 1.00e-04 0.08h
  e173 s0 g1558 loss 2.9030 (c/l/t 0.707/0.705/0.075) 0.08h
epoch  173 train 2.8693 val 2.5925 lr 1.00e-04 0.08h
  e174 s0 g1567 loss 3.4370 (c/l/t 0.727/0.808/0.095) 0.08h
epoch  174 train 2.9444 val 2.6608 lr 1.00e-04 0.08h
  e175 s0 g1576 loss 3.1180 (c/l/t 0.751/0.527/0.092) 0.08h
epoch  175 train 2.9106 val 5.3087 lr 1.00e-04 0.08h
  e176 s0 g1585 loss 3.4378 (c/l/t 0.809/0.720/0.095) 0.08h
epoch  176 train 3.1263 val 2.8279 lr 1.00e-04 0.08h
  e177 s0 g1594 loss 2.7427 (c/l/t 0.765/0.549/0.071) 0.08h
epoch  177 train 3.1283 val 2.4877 lr 1.00e-04 0.08h
  e178 s0 g1603 loss 2.7784 (c/l/t 0.775/0.644/0.068) 0.08h
epoch  178 train 3.1076 val 3.3564 lr 1.00e-04 0.09h
  e179 s0 g1612 loss 3.4512 (c/l/t 0.735/0.681/0.102) 0.09h
epoch  179 train 3.2581 val 3.4774 lr 1.00e-04 0.09h
  e180 s0 g1621 loss 3.0029 (c/l/t 0.753/0.699/0.078) 0.09h
epoch  180 train 3.0309 val 2.1257 lr 1.00e-04 0.09h
  e181 s0 g1630 loss 2.7634 (c/l/t 0.754/0.625/0.069) 0.09h
epoch  181 train 3.1502 val 1.7387 lr 1.00e-04 0.09h
  e182 s0 g1639 loss 3.1761 (c/l/t 0.769/0.723/0.084) 0.09h
epoch  182 train 3.0645 val 2.9426 lr 1.00e-04 0.09h
  e183 s0 g1648 loss 3.0252 (c/l/t 0.809/0.654/0.078) 0.09h
epoch  183 train 2.9750 val 1.8978 lr 1.00e-04 0.09h
  e184 s0 g1657 loss 2.6558 (c/l/t 0.768/0.545/0.067) 0.09h
epoch  184 train 2.8106 val 3.7397 lr 1.00e-04 0.09h
  e185 s0 g1666 loss 3.4791 (c/l/t 0.745/0.658/0.104) 0.09h
epoch  185 train 2.8653 val 3.4529 lr 1.00e-04 0.09h
  e186 s0 g1675 loss 2.9347 (c/l/t 0.795/0.592/0.077) 0.09h
epoch  186 train 2.9994 val 2.6392 lr 1.00e-04 0.09h
  e187 s0 g1684 loss 2.5625 (c/l/t 0.788/0.637/0.057) 0.09h
epoch  187 train 2.9717 val 2.0283 lr 1.00e-04 0.09h
  e188 s0 g1693 loss 3.5104 (c/l/t 0.743/0.605/0.108) 0.09h
epoch  188 train 3.0059 val 2.8796 lr 1.00e-04 0.09h
  e189 s0 g1702 loss 3.2858 (c/l/t 0.718/0.664/0.095) 0.09h
epoch  189 train 3.0740 val 2.8951 lr 1.00e-04 0.09h
  e190 s0 g1711 loss 2.7255 (c/l/t 0.794/0.558/0.069) 0.09h
epoch  190 train 2.9973 val 3.1832 lr 1.00e-04 0.09h
  e191 s0 g1720 loss 2.8369 (c/l/t 0.752/0.795/0.064) 0.09h
epoch  191 train 2.9873 val 2.1609 lr 1.00e-04 0.09h
  e192 s0 g1729 loss 2.7494 (c/l/t 0.757/0.699/0.065) 0.09h
epoch  192 train 3.0412 val 2.1878 lr 1.00e-04 0.09h
  e193 s0 g1738 loss 3.4720 (c/l/t 0.805/0.695/0.099) 0.09h
epoch  193 train 2.8818 val 4.3156 lr 1.00e-04 0.09h
  e194 s0 g1747 loss 2.4627 (c/l/t 0.706/0.634/0.056) 0.09h
epoch  194 train 2.9353 val 2.9045 lr 1.00e-04 0.09h
  e195 s0 g1756 loss 2.7848 (c/l/t 0.726/0.703/0.068) 0.09h
epoch  195 train 3.0075 val 2.8455 lr 1.00e-04 0.09h
  e196 s0 g1765 loss 3.9665 (c/l/t 0.729/0.853/0.119) 0.09h
epoch  196 train 3.1706 val 2.9698 lr 1.00e-04 0.09h
  e197 s0 g1774 loss 2.8515 (c/l/t 0.754/0.686/0.071) 0.09h
epoch  197 train 2.9721 val 4.0873 lr 1.00e-04 0.09h
  e198 s0 g1783 loss 2.7603 (c/l/t 0.764/0.653/0.067) 0.09h
epoch  198 train 3.1276 val 2.2635 lr 1.00e-04 0.09h
  e199 s0 g1792 loss 2.7739 (c/l/t 0.806/0.695/0.064) 0.09h
epoch  199 train 2.9851 val 1.9870 lr 1.00e-04 0.10h
  e200 s0 g1801 loss 3.2390 (c/l/t 0.737/0.744/0.088) 0.10h
epoch  200 train 3.1225 val 2.4130 lr 1.00e-04 0.10h
  e201 s0 g1810 loss 3.1414 (c/l/t 0.785/0.539/0.091) 0.10h
epoch  201 train 2.8380 val 2.8076 lr 1.00e-04 0.10h
  e202 s0 g1819 loss 3.0645 (c/l/t 0.725/0.648/0.085) 0.10h
epoch  202 train 3.0716 val 2.4621 lr 1.00e-04 0.10h
  e203 s0 g1828 loss 3.0808 (c/l/t 0.792/0.541/0.087) 0.10h
epoch  203 train 3.1860 val 2.6791 lr 1.00e-04 0.10h
  e204 s0 g1837 loss 2.9237 (c/l/t 0.703/0.675/0.077) 0.10h
epoch  204 train 2.9173 val 4.0558 lr 1.00e-04 0.10h
  e205 s0 g1846 loss 2.5804 (c/l/t 0.758/0.686/0.057) 0.10h
epoch  205 train 2.8519 val 2.6523 lr 1.00e-04 0.10h
  e206 s0 g1855 loss 3.0991 (c/l/t 0.759/0.582/0.088) 0.10h
epoch  206 train 3.1608 val 1.4438 lr 1.00e-04 0.10h
  e207 s0 g1864 loss 2.7613 (c/l/t 0.808/0.608/0.067) 0.10h
epoch  207 train 2.8531 val 2.2611 lr 1.00e-04 0.10h
  e208 s0 g1873 loss 3.0759 (c/l/t 0.799/0.725/0.078) 0.10h
epoch  208 train 3.0068 val 3.0808 lr 1.00e-04 0.10h
  e209 s0 g1882 loss 3.0927 (c/l/t 0.718/0.779/0.080) 0.10h
epoch  209 train 2.9448 val 2.3943 lr 1.00e-04 0.10h
  e210 s0 g1891 loss 3.1743 (c/l/t 0.775/0.659/0.087) 0.10h
epoch  210 train 2.7440 val 3.6008 lr 1.00e-04 0.10h
  e211 s0 g1900 loss 2.9337 (c/l/t 0.819/0.831/0.064) 0.10h
epoch  211 train 2.9416 val 2.5583 lr 1.00e-04 0.10h
  e212 s0 g1909 loss 2.5422 (c/l/t 0.758/0.488/0.065) 0.10h
epoch  212 train 2.8210 val 3.0696 lr 1.00e-04 0.10h
  e213 s0 g1918 loss 2.5418 (c/l/t 0.702/0.607/0.062) 0.10h
epoch  213 train 2.8969 val 3.9423 lr 1.00e-04 0.10h
  e214 s0 g1927 loss 2.7657 (c/l/t 0.748/0.347/0.084) 0.10h
epoch  214 train 2.9378 val 2.6555 lr 1.00e-04 0.10h
  e215 s0 g1936 loss 2.5492 (c/l/t 0.738/0.652/0.058) 0.10h
epoch  215 train 2.9928 val 4.1052 lr 1.00e-04 0.10h
  e216 s0 g1945 loss 3.0691 (c/l/t 0.753/0.553/0.088) 0.10h
epoch  216 train 2.8165 val 1.8970 lr 1.00e-04 0.10h
  e217 s0 g1954 loss 3.0453 (c/l/t 0.805/0.502/0.087) 0.10h
epoch  217 train 2.8507 val 2.6847 lr 1.00e-04 0.10h
  e218 s0 g1963 loss 3.2794 (c/l/t 0.781/0.903/0.080) 0.10h
epoch  218 train 2.8232 val 2.6442 lr 1.00e-04 0.10h
  e219 s0 g1972 loss 2.9074 (c/l/t 0.764/0.481/0.083) 0.10h
epoch  219 train 2.8924 val 2.7468 lr 1.00e-04 0.10h
  e220 s0 g1981 loss 2.4295 (c/l/t 0.758/0.540/0.057) 0.10h
epoch  220 train 2.7911 val 3.9912 lr 1.00e-04 0.11h
  e221 s0 g1990 loss 2.8171 (c/l/t 0.720/0.772/0.066) 0.11h
epoch  221 train 3.0214 val 2.3683 lr 1.00e-04 0.11h
  e222 s0 g1999 loss 2.6450 (c/l/t 0.776/0.633/0.062) 0.11h
epoch  222 train 2.9482 val 2.1900 lr 1.00e-04 0.11h
  e223 s0 g2008 loss 2.4900 (c/l/t 0.773/0.547/0.058) 0.11h
epoch  223 train 2.7275 val 2.5617 lr 1.00e-04 0.11h
  e224 s0 g2017 loss 3.3175 (c/l/t 0.784/0.941/0.080) 0.11h
epoch  224 train 2.9948 val 1.7023 lr 1.00e-04 0.11h
  e225 s0 g2026 loss 2.3238 (c/l/t 0.820/0.557/0.047) 0.11h
epoch  225 train 2.8134 val 2.4874 lr 1.00e-04 0.11h
  e226 s0 g2035 loss 2.6213 (c/l/t 0.781/0.563/0.064) 0.11h
epoch  226 train 2.8481 val 2.2872 lr 1.00e-04 0.11h
  e227 s0 g2044 loss 3.1309 (c/l/t 0.744/0.583/0.090) 0.11h
epoch  227 train 2.9745 val 2.6731 lr 1.00e-04 0.11h
  e228 s0 g2053 loss 2.8692 (c/l/t 0.741/0.753/0.069) 0.11h
epoch  228 train 3.1612 val 3.9780 lr 1.00e-04 0.11h
  e229 s0 g2062 loss 3.1343 (c/l/t 0.726/0.702/0.085) 0.11h
epoch  229 train 2.8740 val 3.0295 lr 1.00e-04 0.11h
  e230 s0 g2071 loss 2.7267 (c/l/t 0.806/0.485/0.072) 0.11h
epoch  230 train 2.7152 val 3.0324 lr 1.00e-04 0.11h
  e231 s0 g2080 loss 3.0329 (c/l/t 0.730/0.611/0.085) 0.11h
epoch  231 train 3.0361 val 1.9851 lr 1.00e-04 0.11h
  e232 s0 g2089 loss 3.2139 (c/l/t 0.772/0.587/0.093) 0.11h
epoch  232 train 3.0052 val 1.7125 lr 1.00e-04 0.11h
  e233 s0 g2098 loss 2.8124 (c/l/t 0.769/0.611/0.072) 0.11h
epoch  233 train 2.8868 val 3.1883 lr 1.00e-04 0.11h
  e234 s0 g2107 loss 3.0730 (c/l/t 0.756/0.678/0.082) 0.11h
epoch  234 train 2.8796 val 3.0075 lr 1.00e-04 0.11h
  e235 s0 g2116 loss 2.8724 (c/l/t 0.746/0.560/0.078) 0.11h
epoch  235 train 3.0040 val 2.7574 lr 1.00e-04 0.11h
  e236 s0 g2125 loss 3.5637 (c/l/t 0.736/0.697/0.107) 0.11h
epoch  236 train 2.9807 val 2.7485 lr 1.00e-04 0.11h
  e237 s0 g2134 loss 2.9327 (c/l/t 0.782/0.429/0.086) 0.11h
epoch  237 train 3.0893 val 3.2660 lr 1.00e-04 0.11h
  e238 s0 g2143 loss 2.7771 (c/l/t 0.782/0.557/0.072) 0.11h
epoch  238 train 2.8114 val 2.3837 lr 1.00e-04 0.11h
  e239 s0 g2152 loss 2.6628 (c/l/t 0.776/0.553/0.067) 0.11h
epoch  239 train 2.8120 val 1.7857 lr 1.00e-04 0.11h
  e240 s0 g2161 loss 2.6919 (c/l/t 0.782/0.671/0.062) 0.11h
epoch  240 train 2.7699 val 2.5400 lr 1.00e-04 0.11h
  e241 s0 g2170 loss 2.6754 (c/l/t 0.765/0.781/0.056) 0.11h
epoch  241 train 2.8323 val 3.3762 lr 1.00e-04 0.12h
  e242 s0 g2179 loss 3.1541 (c/l/t 0.780/0.850/0.076) 0.12h
epoch  242 train 3.0736 val 2.7962 lr 1.00e-04 0.12h
  e243 s0 g2188 loss 2.5447 (c/l/t 0.749/0.656/0.057) 0.12h
epoch  243 train 2.9216 val 2.6914 lr 1.00e-04 0.12h
  e244 s0 g2197 loss 2.9694 (c/l/t 0.809/0.540/0.081) 0.12h
epoch  244 train 2.9700 val 1.7800 lr 1.00e-04 0.12h
  e245 s0 g2206 loss 2.4345 (c/l/t 0.704/0.563/0.058) 0.12h
epoch  245 train 2.7419 val 1.4490 lr 1.00e-04 0.12h
  e246 s0 g2215 loss 2.5803 (c/l/t 0.759/0.597/0.061) 0.12h
epoch  246 train 2.7673 val 1.9551 lr 1.00e-04 0.12h
  e247 s0 g2224 loss 2.6725 (c/l/t 0.754/0.700/0.061) 0.12h
epoch  247 train 2.8569 val 2.2210 lr 1.00e-04 0.12h
  e248 s0 g2233 loss 2.9926 (c/l/t 0.763/0.668/0.078) 0.12h
epoch  248 train 2.8590 val 3.0386 lr 1.00e-04 0.12h
  e249 s0 g2242 loss 2.6014 (c/l/t 0.759/0.597/0.062) 0.12h
epoch  249 train 2.9245 val 2.3202 lr 1.00e-04 0.12h
  e250 s0 g2251 loss 2.3392 (c/l/t 0.776/0.721/0.042) 0.12h
epoch  250 train 2.9127 val 3.1866 lr 1.00e-04 0.12h
  e251 s0 g2260 loss 2.6949 (c/l/t 0.665/0.882/0.057) 0.12h
epoch  251 train 2.9749 val 2.1306 lr 1.00e-04 0.12h
  e252 s0 g2269 loss 2.8275 (c/l/t 0.711/0.641/0.074) 0.12h
epoch  252 train 2.9171 val 3.6822 lr 1.00e-04 0.12h
  e253 s0 g2278 loss 3.1654 (c/l/t 0.806/0.758/0.080) 0.12h
epoch  253 train 2.9302 val 2.0567 lr 1.00e-04 0.12h
  e254 s0 g2287 loss 2.6000 (c/l/t 0.752/0.716/0.057) 0.12h
epoch  254 train 3.0457 val 2.1526 lr 1.00e-04 0.12h
  e255 s0 g2296 loss 2.5216 (c/l/t 0.654/0.454/0.071) 0.12h
epoch  255 train 2.8463 val 2.6226 lr 1.00e-04 0.12h
  e256 s0 g2305 loss 3.1151 (c/l/t 0.737/0.788/0.080) 0.12h
epoch  256 train 2.8576 val 2.5207 lr 1.00e-04 0.12h
  e257 s0 g2314 loss 2.9074 (c/l/t 0.731/0.686/0.075) 0.12h
epoch  257 train 2.8674 val 2.5833 lr 1.00e-04 0.12h
  e258 s0 g2323 loss 2.8886 (c/l/t 0.664/0.671/0.078) 0.12h
epoch  258 train 2.9175 val 4.1689 lr 1.00e-04 0.12h
  e259 s0 g2332 loss 2.7913 (c/l/t 0.810/0.605/0.069) 0.12h
epoch  259 train 2.7683 val 2.1418 lr 1.00e-04 0.12h
  e260 s0 g2341 loss 2.8746 (c/l/t 0.779/0.791/0.065) 0.12h
epoch  260 train 2.7627 val 2.1243 lr 1.00e-04 0.12h
  e261 s0 g2350 loss 2.4373 (c/l/t 0.703/0.749/0.049) 0.12h
epoch  261 train 2.8244 val 2.4259 lr 1.00e-04 0.12h
  e262 s0 g2359 loss 2.9384 (c/l/t 0.871/0.492/0.079) 0.12h
epoch  262 train 2.7537 val 3.0615 lr 1.00e-04 0.13h
  e263 s0 g2368 loss 2.3502 (c/l/t 0.745/0.603/0.050) 0.13h
epoch  263 train 2.8749 val 2.1852 lr 1.00e-04 0.13h
  e264 s0 g2377 loss 2.4785 (c/l/t 0.765/0.577/0.057) 0.13h
epoch  264 train 2.8258 val 3.0416 lr 1.00e-04 0.13h
  e265 s0 g2386 loss 2.7312 (c/l/t 0.697/0.516/0.076) 0.13h
epoch  265 train 2.7135 val 3.3932 lr 1.00e-04 0.13h
  e266 s0 g2395 loss 2.8914 (c/l/t 0.791/0.563/0.077) 0.13h
epoch  266 train 2.8823 val 4.3639 lr 1.00e-04 0.13h
  e267 s0 g2404 loss 2.1844 (c/l/t 0.760/0.438/0.049) 0.13h
epoch  267 train 2.5825 val 1.9522 lr 1.00e-04 0.13h
  e268 s0 g2413 loss 2.7774 (c/l/t 0.735/0.657/0.069) 0.13h
epoch  268 train 3.0213 val 2.5253 lr 1.00e-04 0.13h
  e269 s0 g2422 loss 3.4313 (c/l/t 0.786/0.607/0.102) 0.13h
epoch  269 train 3.1122 val 3.4983 lr 1.00e-04 0.13h
  e270 s0 g2431 loss 2.4558 (c/l/t 0.796/0.714/0.047) 0.13h
epoch  270 train 2.7952 val 3.3498 lr 1.00e-04 0.13h
  e271 s0 g2440 loss 3.2161 (c/l/t 0.747/0.714/0.088) 0.13h
epoch  271 train 2.9424 val 2.6964 lr 1.00e-04 0.13h
  e272 s0 g2449 loss 2.6075 (c/l/t 0.726/0.898/0.049) 0.13h
epoch  272 train 2.8535 val 3.0262 lr 1.00e-04 0.13h
  e273 s0 g2458 loss 2.8585 (c/l/t 0.746/0.840/0.064) 0.13h
epoch  273 train 2.6146 val 2.3632 lr 1.00e-04 0.13h
  e274 s0 g2467 loss 2.3734 (c/l/t 0.781/0.583/0.050) 0.13h
epoch  274 train 2.7631 val 3.0285 lr 1.00e-04 0.13h
  e275 s0 g2476 loss 2.7840 (c/l/t 0.757/0.606/0.071) 0.13h
epoch  275 train 2.7760 val 2.0476 lr 1.00e-04 0.13h
  e276 s0 g2485 loss 2.9925 (c/l/t 0.778/0.608/0.080) 0.13h
epoch  276 train 2.7751 val 2.9066 lr 1.00e-04 0.13h
  e277 s0 g2494 loss 2.7102 (c/l/t 0.804/0.526/0.069) 0.13h
epoch  277 train 2.8932 val 2.5624 lr 1.00e-04 0.13h
  e278 s0 g2503 loss 3.0774 (c/l/t 0.853/0.582/0.082) 0.13h
epoch  278 train 2.8890 val 2.3055 lr 1.00e-04 0.13h
  e279 s0 g2512 loss 2.3934 (c/l/t 0.801/0.557/0.052) 0.13h
epoch  279 train 2.7641 val 2.2005 lr 1.00e-04 0.13h
  e280 s0 g2521 loss 3.3052 (c/l/t 0.887/0.633/0.089) 0.13h
epoch  280 train 2.7538 val 2.5021 lr 1.00e-04 0.13h
  e281 s0 g2530 loss 2.7642 (c/l/t 0.776/0.709/0.064) 0.13h
epoch  281 train 2.8006 val 2.7626 lr 1.00e-04 0.13h
  e282 s0 g2539 loss 3.1820 (c/l/t 0.748/0.569/0.093) 0.13h
epoch  282 train 2.5547 val 2.9642 lr 1.00e-04 0.13h
  e283 s0 g2548 loss 2.8778 (c/l/t 0.779/0.534/0.078) 0.13h
epoch  283 train 2.7198 val 2.1630 lr 1.00e-04 0.14h
  e284 s0 g2557 loss 2.7740 (c/l/t 0.773/0.447/0.078) 0.14h
epoch  284 train 2.7524 val 2.2075 lr 1.00e-04 0.14h
  e285 s0 g2566 loss 2.4583 (c/l/t 0.745/0.681/0.052) 0.14h
epoch  285 train 2.7315 val 4.2908 lr 1.00e-04 0.14h
  e286 s0 g2575 loss 3.3942 (c/l/t 0.729/0.740/0.096) 0.14h
epoch  286 train 2.8795 val 2.3189 lr 1.00e-04 0.14h
  e287 s0 g2584 loss 3.4561 (c/l/t 0.786/0.637/0.102) 0.14h
epoch  287 train 2.7222 val 3.0144 lr 1.00e-04 0.14h
  e288 s0 g2593 loss 2.7146 (c/l/t 0.774/0.519/0.071) 0.14h
epoch  288 train 2.7470 val 1.7212 lr 1.00e-04 0.14h
  e289 s0 g2602 loss 3.0982 (c/l/t 0.797/0.537/0.088) 0.14h
epoch  289 train 2.8829 val 2.5718 lr 1.00e-04 0.14h
  e290 s0 g2611 loss 2.7932 (c/l/t 0.716/0.548/0.076) 0.14h
epoch  290 train 2.7719 val 2.8071 lr 1.00e-04 0.14h
  e291 s0 g2620 loss 2.3502 (c/l/t 0.769/0.617/0.048) 0.14h
epoch  291 train 2.6722 val 2.0148 lr 1.00e-04 0.14h
  e292 s0 g2629 loss 2.4915 (c/l/t 0.813/0.525/0.058) 0.14h
epoch  292 train 2.8513 val 1.8999 lr 1.00e-04 0.14h
  e293 s0 g2638 loss 3.0885 (c/l/t 0.797/0.574/0.086) 0.14h
epoch  293 train 2.6419 val 2.9948 lr 1.00e-04 0.14h
  e294 s0 g2647 loss 2.8821 (c/l/t 0.752/0.598/0.077) 0.14h
epoch  294 train 2.7872 val 3.4917 lr 1.00e-04 0.14h
  e295 s0 g2656 loss 2.8753 (c/l/t 0.744/0.592/0.077) 0.14h
epoch  295 train 2.9111 val 1.6344 lr 1.00e-04 0.14h
  e296 s0 g2665 loss 2.7776 (c/l/t 0.762/0.705/0.066) 0.14h
epoch  296 train 2.6709 val 3.2895 lr 1.00e-04 0.14h
  e297 s0 g2674 loss 2.8008 (c/l/t 0.804/0.631/0.068) 0.14h
epoch  297 train 2.6603 val 1.8764 lr 1.00e-04 0.14h
  e298 s0 g2683 loss 3.2780 (c/l/t 0.780/0.715/0.089) 0.14h
epoch  298 train 2.7893 val 2.1080 lr 1.00e-04 0.14h
  e299 s0 g2692 loss 3.1353 (c/l/t 0.740/0.596/0.090) 0.14h
epoch  299 train 2.7546 val 1.6921 lr 1.00e-04 0.14h
  e300 s0 g2701 loss 2.2468 (c/l/t 0.723/0.528/0.050) 0.14h
epoch  300 train 2.6649 val 2.5266 lr 1.00e-04 0.14h
  e301 s0 g2710 loss 3.2259 (c/l/t 0.748/0.620/0.093) 0.14h
epoch  301 train 2.7432 val 2.0072 lr 1.00e-04 0.14h
  e302 s0 g2719 loss 2.5105 (c/l/t 0.773/0.447/0.065) 0.14h
epoch  302 train 2.8901 val 2.7654 lr 1.00e-04 0.14h
  e303 s0 g2728 loss 2.3978 (c/l/t 0.750/0.505/0.057) 0.14h
epoch  303 train 2.6067 val 3.5861 lr 1.00e-04 0.14h
  e304 s0 g2737 loss 2.7065 (c/l/t 0.797/0.628/0.064) 0.14h
epoch  304 train 2.8095 val 3.2609 lr 1.00e-04 0.15h
  e305 s0 g2746 loss 2.7961 (c/l/t 0.714/0.565/0.076) 0.15h
epoch  305 train 2.8059 val 2.1679 lr 1.00e-04 0.15h
  e306 s0 g2755 loss 2.6417 (c/l/t 0.778/0.622/0.062) 0.15h
epoch  306 train 2.6937 val 2.2972 lr 1.00e-04 0.15h
  e307 s0 g2764 loss 2.6662 (c/l/t 0.742/0.643/0.064) 0.15h
epoch  307 train 2.5832 val 3.1161 lr 1.00e-04 0.15h
  e308 s0 g2773 loss 2.4820 (c/l/t 0.797/0.626/0.053) 0.15h
epoch  308 train 2.6847 val 2.2413 lr 1.00e-04 0.15h
  e309 s0 g2782 loss 3.1877 (c/l/t 0.723/0.742/0.086) 0.15h
epoch  309 train 2.7860 val 4.1323 lr 1.00e-04 0.15h
  e310 s0 g2791 loss 2.8482 (c/l/t 0.813/0.425/0.081) 0.15h
epoch  310 train 2.8212 val 2.6513 lr 1.00e-04 0.15h
  e311 s0 g2800 loss 2.8377 (c/l/t 0.671/0.744/0.071) 0.15h
epoch  311 train 2.6464 val 2.1840 lr 1.00e-04 0.15h
  e312 s0 g2809 loss 2.3336 (c/l/t 0.738/0.540/0.053) 0.15h
epoch  312 train 2.6000 val 3.0378 lr 1.00e-04 0.15h
  e313 s0 g2818 loss 2.6157 (c/l/t 0.814/0.468/0.067) 0.15h
epoch  313 train 2.6812 val 2.5746 lr 1.00e-04 0.15h
  e314 s0 g2827 loss 3.0583 (c/l/t 0.778/0.559/0.086) 0.15h
epoch  314 train 2.9245 val 1.9242 lr 1.00e-04 0.15h
  e315 s0 g2836 loss 2.7244 (c/l/t 0.785/0.505/0.072) 0.15h
epoch  315 train 2.7101 val 2.6773 lr 1.00e-04 0.15h
  e316 s0 g2845 loss 2.4387 (c/l/t 0.756/0.731/0.048) 0.15h
epoch  316 train 2.5627 val 2.5228 lr 1.00e-04 0.15h
  e317 s0 g2854 loss 2.4183 (c/l/t 0.752/0.577/0.054) 0.15h
epoch  317 train 2.5263 val 2.4985 lr 1.00e-04 0.15h
  e318 s0 g2863 loss 3.5780 (c/l/t 0.802/0.469/0.115) 0.15h
epoch  318 train 2.8082 val 2.5309 lr 1.00e-04 0.15h
  e319 s0 g2872 loss 2.6000 (c/l/t 0.729/0.712/0.058) 0.15h
epoch  319 train 2.6809 val 1.5609 lr 1.00e-04 0.15h
  e320 s0 g2881 loss 2.3308 (c/l/t 0.696/0.633/0.050) 0.15h
epoch  320 train 2.6074 val 2.6140 lr 1.00e-04 0.15h
  e321 s0 g2890 loss 2.6406 (c/l/t 0.685/0.585/0.069) 0.15h
epoch  321 train 2.7033 val 2.7255 lr 1.00e-04 0.15h
  e322 s0 g2899 loss 2.4578 (c/l/t 0.752/0.686/0.051) 0.15h
epoch  322 train 2.5033 val 3.0093 lr 1.00e-04 0.15h
  e323 s0 g2908 loss 2.8869 (c/l/t 0.735/0.605/0.077) 0.15h
epoch  323 train 2.6972 val 2.4858 lr 1.00e-04 0.15h
  e324 s0 g2917 loss 2.4521 (c/l/t 0.759/0.592/0.055) 0.15h
epoch  324 train 2.7536 val 1.9415 lr 1.00e-04 0.15h
  e325 s0 g2926 loss 2.9883 (c/l/t 0.726/0.886/0.069) 0.15h
epoch  325 train 2.7821 val 2.7968 lr 1.00e-04 0.16h
  e326 s0 g2935 loss 2.7256 (c/l/t 0.761/0.454/0.076) 0.16h
epoch  326 train 2.7766 val 2.7787 lr 1.00e-04 0.16h
  e327 s0 g2944 loss 2.6874 (c/l/t 0.822/0.498/0.068) 0.16h
epoch  327 train 2.6297 val 1.7534 lr 1.00e-04 0.16h
  e328 s0 g2953 loss 2.4972 (c/l/t 0.777/0.569/0.058) 0.16h
epoch  328 train 2.6890 val 2.9525 lr 1.00e-04 0.16h
  e329 s0 g2962 loss 2.6864 (c/l/t 0.801/0.536/0.068) 0.16h
epoch  329 train 2.7062 val 2.5397 lr 1.00e-04 0.16h
  e330 s0 g2971 loss 2.3215 (c/l/t 0.757/0.694/0.044) 0.16h
epoch  330 train 2.4496 val 1.8536 lr 1.00e-04 0.16h
  e331 s0 g2980 loss 2.2885 (c/l/t 0.699/0.588/0.050) 0.16h
epoch  331 train 2.4713 val 3.2181 lr 1.00e-04 0.16h
  e332 s0 g2989 loss 2.8071 (c/l/t 0.753/0.470/0.079) 0.16h
epoch  332 train 2.5726 val 2.3282 lr 1.00e-04 0.16h
  e333 s0 g2998 loss 2.9735 (c/l/t 0.679/0.729/0.078) 0.16h
epoch  333 train 2.7018 val 2.5223 lr 1.00e-04 0.16h
  e334 s0 g3007 loss 3.0996 (c/l/t 0.771/0.746/0.079) 0.16h
epoch  334 train 2.5610 val 2.4111 lr 1.00e-04 0.16h
  e335 s0 g3016 loss 2.3711 (c/l/t 0.806/0.633/0.047) 0.16h
epoch  335 train 2.5873 val 2.2736 lr 1.00e-04 0.16h
  e336 s0 g3025 loss 2.7293 (c/l/t 0.744/0.492/0.075) 0.16h
epoch  336 train 2.5715 val 2.9236 lr 1.00e-04 0.16h
  e337 s0 g3034 loss 2.7825 (c/l/t 0.719/0.561/0.075) 0.16h
epoch  337 train 2.5380 val 2.9967 lr 1.00e-04 0.16h
  e338 s0 g3043 loss 3.0402 (c/l/t 0.759/0.526/0.088) 0.16h
epoch  338 train 2.7208 val 2.5442 lr 1.00e-04 0.16h
  e339 s0 g3052 loss 2.5014 (c/l/t 0.779/0.687/0.052) 0.16h
epoch  339 train 2.5280 val 2.5686 lr 1.00e-04 0.16h
  e340 s0 g3061 loss 2.4881 (c/l/t 0.766/0.583/0.057) 0.16h
epoch  340 train 2.5982 val 1.9502 lr 1.00e-04 0.16h
  e341 s0 g3070 loss 2.3857 (c/l/t 0.738/0.692/0.048) 0.16h
epoch  341 train 2.6239 val 3.9243 lr 1.00e-04 0.16h
  e342 s0 g3079 loss 2.4098 (c/l/t 0.697/0.800/0.046) 0.16h
epoch  342 train 2.7387 val 1.9119 lr 1.00e-04 0.16h
  e343 s0 g3088 loss 3.1735 (c/l/t 0.722/0.591/0.093) 0.16h
epoch  343 train 2.6493 val 2.3755 lr 1.00e-04 0.16h
  e344 s0 g3097 loss 2.6132 (c/l/t 0.787/0.526/0.065) 0.16h
epoch  344 train 2.6255 val 2.5394 lr 1.00e-04 0.16h
  e345 s0 g3106 loss 2.5360 (c/l/t 0.740/0.731/0.053) 0.16h
epoch  345 train 2.5804 val 1.8905 lr 1.00e-04 0.16h
  e346 s0 g3115 loss 2.4590 (c/l/t 0.734/0.647/0.054) 0.16h
epoch  346 train 2.5815 val 1.9398 lr 1.00e-04 0.17h
  e347 s0 g3124 loss 2.5655 (c/l/t 0.695/0.576/0.065) 0.17h
epoch  347 train 2.7257 val 2.6419 lr 1.00e-04 0.17h
  e348 s0 g3133 loss 2.1859 (c/l/t 0.751/0.557/0.044) 0.17h
epoch  348 train 2.6045 val 2.3901 lr 1.00e-04 0.17h
  e349 s0 g3142 loss 1.9200 (c/l/t 0.764/0.532/0.031) 0.17h
epoch  349 train 2.4577 val 1.6560 lr 1.00e-04 0.17h
  e350 s0 g3151 loss 2.6484 (c/l/t 0.706/0.571/0.069) 0.17h
epoch  350 train 2.4248 val 2.1216 lr 1.00e-04 0.17h
  e351 s0 g3160 loss 2.6060 (c/l/t 0.811/0.532/0.063) 0.17h
epoch  351 train 2.5815 val 2.1388 lr 1.00e-04 0.17h
  e352 s0 g3169 loss 2.5925 (c/l/t 0.777/0.486/0.066) 0.17h
epoch  352 train 2.5577 val 2.0973 lr 1.00e-04 0.17h
  e353 s0 g3178 loss 2.6240 (c/l/t 0.728/0.786/0.055) 0.17h
epoch  353 train 2.4539 val 3.0542 lr 1.00e-04 0.17h
  e354 s0 g3187 loss 2.3940 (c/l/t 0.748/0.439/0.060) 0.17h
epoch  354 train 2.6271 val 2.3455 lr 1.00e-04 0.17h
  e355 s0 g3196 loss 2.3629 (c/l/t 0.737/0.596/0.051) 0.17h
epoch  355 train 2.5792 val 2.7007 lr 1.00e-04 0.17h
  e356 s0 g3205 loss 2.5703 (c/l/t 0.845/0.503/0.061) 0.17h
epoch  356 train 2.3718 val 2.6447 lr 1.00e-04 0.17h
  e357 s0 g3214 loss 2.4472 (c/l/t 0.803/0.708/0.047) 0.17h
epoch  357 train 2.6132 val 2.0269 lr 1.00e-04 0.17h
  e358 s0 g3223 loss 3.0381 (c/l/t 0.749/0.701/0.079) 0.17h
epoch  358 train 2.5430 val 2.2783 lr 1.00e-04 0.17h
  e359 s0 g3232 loss 2.6627 (c/l/t 0.790/0.510/0.068) 0.17h
epoch  359 train 2.6623 val 1.9744 lr 1.00e-04 0.17h
  e360 s0 g3241 loss 2.4126 (c/l/t 0.748/0.567/0.055) 0.17h
epoch  360 train 2.4832 val 2.1373 lr 1.00e-04 0.17h
  e361 s0 g3250 loss 2.7011 (c/l/t 0.744/0.779/0.059) 0.17h
epoch  361 train 2.4989 val 1.8640 lr 1.00e-04 0.17h
  e362 s0 g3259 loss 2.1320 (c/l/t 0.706/0.605/0.041) 0.17h
epoch  362 train 2.4177 val 2.3113 lr 1.00e-04 0.17h
  e363 s0 g3268 loss 2.3728 (c/l/t 0.772/0.673/0.046) 0.17h
epoch  363 train 2.5449 val 1.9258 lr 1.00e-04 0.17h
  e364 s0 g3277 loss 3.1014 (c/l/t 0.736/0.475/0.094) 0.17h
epoch  364 train 2.6462 val 3.4422 lr 1.00e-04 0.17h
  e365 s0 g3286 loss 2.4074 (c/l/t 0.833/0.547/0.051) 0.17h
epoch  365 train 2.3534 val 1.9396 lr 1.00e-04 0.17h
  e366 s0 g3295 loss 2.4115 (c/l/t 0.824/0.479/0.055) 0.17h
epoch  366 train 2.5991 val 1.9206 lr 1.00e-04 0.17h
  e367 s0 g3304 loss 3.1741 (c/l/t 0.761/0.711/0.085) 0.17h
epoch  367 train 2.6525 val 2.1970 lr 1.00e-04 0.18h
  e368 s0 g3313 loss 2.1096 (c/l/t 0.686/0.372/0.053) 0.18h
epoch  368 train 2.5160 val 2.0378 lr 1.00e-04 0.18h
  e369 s0 g3322 loss 2.9137 (c/l/t 0.713/0.483/0.086) 0.18h
epoch  369 train 2.5781 val 2.0243 lr 1.00e-04 0.18h
  e370 s0 g3331 loss 2.4086 (c/l/t 0.777/0.506/0.056) 0.18h
epoch  370 train 2.5307 val 1.6984 lr 1.00e-04 0.18h
  e371 s0 g3340 loss 2.8144 (c/l/t 0.769/0.607/0.072) 0.18h
epoch  371 train 2.5093 val 1.7424 lr 1.00e-04 0.18h
  e372 s0 g3349 loss 2.2515 (c/l/t 0.745/0.613/0.045) 0.18h
epoch  372 train 2.4830 val 1.8443 lr 1.00e-04 0.18h
  e373 s0 g3358 loss 2.1856 (c/l/t 0.717/0.549/0.046) 0.18h
epoch  373 train 2.3229 val 2.7471 lr 1.00e-04 0.18h
  e374 s0 g3367 loss 2.6582 (c/l/t 0.729/0.502/0.071) 0.18h
epoch  374 train 2.4792 val 2.4779 lr 1.00e-04 0.18h
  e375 s0 g3376 loss 2.5406 (c/l/t 0.767/0.685/0.054) 0.18h
epoch  375 train 2.3803 val 2.2603 lr 1.00e-04 0.18h
  e376 s0 g3385 loss 2.3605 (c/l/t 0.687/0.453/0.061) 0.18h
epoch  376 train 2.5277 val 3.0719 lr 1.00e-04 0.18h
  e377 s0 g3394 loss 2.1491 (c/l/t 0.692/0.761/0.035) 0.18h
epoch  377 train 2.5237 val 1.8531 lr 1.00e-04 0.18h
  e378 s0 g3403 loss 2.4606 (c/l/t 0.812/0.582/0.053) 0.18h
epoch  378 train 2.5051 val 3.0712 lr 1.00e-04 0.18h
  e379 s0 g3412 loss 2.4013 (c/l/t 0.766/0.770/0.043) 0.18h
epoch  379 train 2.5184 val 1.9427 lr 1.00e-04 0.18h
  e380 s0 g3421 loss 2.1584 (c/l/t 0.754/0.591/0.041) 0.18h
epoch  380 train 2.5327 val 1.9357 lr 1.00e-04 0.18h
  e381 s0 g3430 loss 2.3689 (c/l/t 0.782/0.518/0.053) 0.18h
epoch  381 train 2.5223 val 2.3764 lr 1.00e-04 0.18h
  e382 s0 g3439 loss 2.4778 (c/l/t 0.724/0.464/0.064) 0.18h
epoch  382 train 2.4996 val 2.3396 lr 1.00e-04 0.18h
  e383 s0 g3448 loss 2.8505 (c/l/t 0.830/0.526/0.075) 0.18h
epoch  383 train 2.5465 val 1.7798 lr 1.00e-04 0.18h
  e384 s0 g3457 loss 2.9393 (c/l/t 0.746/0.649/0.077) 0.18h
epoch  384 train 2.5582 val 3.0847 lr 1.00e-04 0.18h
  e385 s0 g3466 loss 2.1327 (c/l/t 0.728/0.545/0.043) 0.18h
epoch  385 train 2.5031 val 2.0679 lr 1.00e-04 0.18h
  e386 s0 g3475 loss 2.4858 (c/l/t 0.797/0.478/0.061) 0.18h
epoch  386 train 2.5216 val 2.2521 lr 1.00e-04 0.18h
  e387 s0 g3484 loss 2.2781 (c/l/t 0.781/0.631/0.043) 0.18h
epoch  387 train 2.3824 val 2.9149 lr 1.00e-04 0.18h
  e388 s0 g3493 loss 2.3371 (c/l/t 0.721/0.594/0.051) 0.18h
epoch  388 train 2.5608 val 2.3488 lr 1.00e-04 0.19h
  e389 s0 g3502 loss 2.4483 (c/l/t 0.780/0.528/0.057) 0.19h
epoch  389 train 2.4238 val 1.8336 lr 1.00e-04 0.19h
  e390 s0 g3511 loss 2.3793 (c/l/t 0.767/0.603/0.050) 0.19h
epoch  390 train 2.5148 val 3.3068 lr 1.00e-04 0.19h
  e391 s0 g3520 loss 2.3513 (c/l/t 0.793/0.514/0.052) 0.19h
epoch  391 train 2.5996 val 2.5835 lr 1.00e-04 0.19h
  e392 s0 g3529 loss 2.9613 (c/l/t 0.752/0.774/0.072) 0.19h
epoch  392 train 2.5077 val 2.0908 lr 1.00e-04 0.19h
  e393 s0 g3538 loss 2.6185 (c/l/t 0.825/0.542/0.063) 0.19h
epoch  393 train 2.5957 val 2.7420 lr 1.00e-04 0.19h
  e394 s0 g3547 loss 2.4230 (c/l/t 0.735/0.615/0.054) 0.19h
epoch  394 train 2.4419 val 2.9512 lr 1.00e-04 0.19h
  e395 s0 g3556 loss 2.3908 (c/l/t 0.729/0.418/0.062) 0.19h
epoch  395 train 2.4371 val 2.8722 lr 1.00e-04 0.19h
  e396 s0 g3565 loss 2.5079 (c/l/t 0.735/0.625/0.057) 0.19h
epoch  396 train 2.3478 val 2.3203 lr 1.00e-04 0.19h
  e397 s0 g3574 loss 1.9737 (c/l/t 0.739/0.521/0.036) 0.19h
epoch  397 train 2.3931 val 2.5983 lr 1.00e-04 0.19h
  e398 s0 g3583 loss 2.2859 (c/l/t 0.760/0.547/0.049) 0.19h
epoch  398 train 2.4786 val 1.8307 lr 1.00e-04 0.19h
  e399 s0 g3592 loss 2.3954 (c/l/t 0.798/0.585/0.051) 0.19h
epoch  399 train 2.4029 val 2.0308 lr 1.00e-04 0.19h
  e400 s0 g3601 loss 2.0095 (c/l/t 0.717/0.535/0.038) 0.19h
epoch  400 train 2.3497 val 1.9872 lr 1.00e-04 0.19h
  e401 s0 g3610 loss 2.7249 (c/l/t 0.798/0.554/0.069) 0.19h
epoch  401 train 2.5518 val 1.6343 lr 1.00e-04 0.19h
  e402 s0 g3619 loss 2.6443 (c/l/t 0.780/0.586/0.064) 0.19h
epoch  402 train 2.3600 val 2.9334 lr 1.00e-04 0.19h
  e403 s0 g3628 loss 2.1524 (c/l/t 0.798/0.541/0.041) 0.19h
epoch  403 train 2.3524 val 2.6348 lr 1.00e-04 0.19h
  e404 s0 g3637 loss 2.3087 (c/l/t 0.702/0.689/0.046) 0.19h
epoch  404 train 2.5231 val 1.8852 lr 1.00e-04 0.19h
  e405 s0 g3646 loss 2.2125 (c/l/t 0.724/0.543/0.047) 0.19h
epoch  405 train 2.3814 val 2.2343 lr 1.00e-04 0.19h
  e406 s0 g3655 loss 2.2239 (c/l/t 0.836/0.603/0.039) 0.19h
epoch  406 train 2.3946 val 1.8049 lr 1.00e-04 0.19h
  e407 s0 g3664 loss 2.0298 (c/l/t 0.776/0.609/0.032) 0.19h
epoch  407 train 2.2701 val 1.8594 lr 1.00e-04 0.19h
  e408 s0 g3673 loss 2.4518 (c/l/t 0.706/0.674/0.054) 0.19h
epoch  408 train 2.3724 val 2.8571 lr 1.00e-04 0.19h
  e409 s0 g3682 loss 2.3005 (c/l/t 0.713/0.523/0.053) 0.19h
epoch  409 train 2.3377 val 1.7307 lr 1.00e-04 0.20h
  e410 s0 g3691 loss 2.2432 (c/l/t 0.690/0.566/0.049) 0.20h
epoch  410 train 2.2581 val 2.0563 lr 1.00e-04 0.20h
  e411 s0 g3700 loss 2.6170 (c/l/t 0.727/0.433/0.073) 0.20h
epoch  411 train 2.4602 val 2.2010 lr 1.00e-04 0.20h
  e412 s0 g3709 loss 2.6034 (c/l/t 0.765/0.503/0.067) 0.20h
epoch  412 train 2.4586 val 1.6931 lr 1.00e-04 0.20h
  e413 s0 g3718 loss 2.1919 (c/l/t 0.777/0.545/0.044) 0.20h
epoch  413 train 2.2719 val 1.7663 lr 1.00e-04 0.20h
  e414 s0 g3727 loss 2.1868 (c/l/t 0.793/0.714/0.034) 0.20h
epoch  414 train 2.4321 val 2.1305 lr 1.00e-04 0.20h
  e415 s0 g3736 loss 2.3360 (c/l/t 0.751/0.424/0.058) 0.20h
epoch  415 train 2.4359 val 2.1331 lr 1.00e-04 0.20h
  e416 s0 g3745 loss 2.6592 (c/l/t 0.788/0.600/0.064) 0.20h
epoch  416 train 2.4024 val 1.9334 lr 1.00e-04 0.20h
  e417 s0 g3754 loss 2.1524 (c/l/t 0.771/0.433/0.047) 0.20h
epoch  417 train 2.4101 val 1.9130 lr 1.00e-04 0.20h
  e418 s0 g3763 loss 1.9088 (c/l/t 0.738/0.542/0.031) 0.20h
epoch  418 train 2.2837 val 2.4592 lr 1.00e-04 0.20h
  e419 s0 g3772 loss 2.3781 (c/l/t 0.753/0.653/0.049) 0.20h
epoch  419 train 2.4359 val 2.9317 lr 1.00e-04 0.20h
  e420 s0 g3781 loss 2.2677 (c/l/t 0.741/0.581/0.047) 0.20h
epoch  420 train 2.3870 val 2.0161 lr 1.00e-04 0.20h
  e421 s0 g3790 loss 2.4738 (c/l/t 0.721/0.816/0.047) 0.20h
epoch  421 train 2.3103 val 2.6585 lr 1.00e-04 0.20h
  e422 s0 g3799 loss 2.1571 (c/l/t 0.741/0.575/0.042) 0.20h
epoch  422 train 2.2431 val 1.8321 lr 1.00e-04 0.20h
  e423 s0 g3808 loss 2.2615 (c/l/t 0.769/0.516/0.049) 0.20h
epoch  423 train 2.3282 val 2.3226 lr 1.00e-04 0.20h
  e424 s0 g3817 loss 2.4385 (c/l/t 0.750/0.601/0.054) 0.20h
epoch  424 train 2.4190 val 2.3812 lr 1.00e-04 0.20h
  e425 s0 g3826 loss 2.8714 (c/l/t 0.784/0.441/0.082) 0.20h
epoch  425 train 2.4092 val 1.9344 lr 1.00e-04 0.20h
  e426 s0 g3835 loss 2.6162 (c/l/t 0.766/0.533/0.066) 0.20h
epoch  426 train 2.2860 val 2.5996 lr 1.00e-04 0.20h
  e427 s0 g3844 loss 2.1305 (c/l/t 0.727/0.615/0.039) 0.20h
epoch  427 train 2.3081 val 2.0052 lr 1.00e-04 0.20h
  e428 s0 g3853 loss 2.4962 (c/l/t 0.784/0.545/0.058) 0.20h
epoch  428 train 2.3519 val 2.8287 lr 1.00e-04 0.20h
  e429 s0 g3862 loss 2.4127 (c/l/t 0.711/0.573/0.056) 0.20h
epoch  429 train 2.3876 val 1.8961 lr 1.00e-04 0.20h
  e430 s0 g3871 loss 1.9750 (c/l/t 0.697/0.550/0.036) 0.20h
epoch  430 train 2.3313 val 1.9321 lr 1.00e-04 0.21h
  e431 s0 g3880 loss 2.1037 (c/l/t 0.697/0.638/0.038) 0.21h
epoch  431 train 2.3094 val 1.6485 lr 1.00e-04 0.21h
  e432 s0 g3889 loss 1.9681 (c/l/t 0.770/0.498/0.035) 0.21h
epoch  432 train 2.1133 val 1.8451 lr 1.00e-04 0.21h
  e433 s0 g3898 loss 2.2017 (c/l/t 0.717/0.499/0.049) 0.21h
epoch  433 train 2.2464 val 2.0049 lr 1.00e-04 0.21h
  e434 s0 g3907 loss 2.5379 (c/l/t 0.779/0.566/0.060) 0.21h
epoch  434 train 2.3289 val 1.8865 lr 1.00e-04 0.21h
  e435 s0 g3916 loss 2.3618 (c/l/t 0.765/0.655/0.047) 0.21h
epoch  435 train 2.4306 val 1.7472 lr 1.00e-04 0.21h
  e436 s0 g3925 loss 2.2493 (c/l/t 0.703/0.661/0.044) 0.21h
epoch  436 train 2.2984 val 2.3694 lr 1.00e-04 0.21h
  e437 s0 g3934 loss 2.1293 (c/l/t 0.778/0.574/0.039) 0.21h
epoch  437 train 2.2819 val 2.4890 lr 1.00e-04 0.21h
  e438 s0 g3943 loss 2.0302 (c/l/t 0.761/0.456/0.041) 0.21h
epoch  438 train 2.3136 val 2.2048 lr 1.00e-04 0.21h
  e439 s0 g3952 loss 2.1793 (c/l/t 0.791/0.647/0.037) 0.21h
epoch  439 train 2.3208 val 2.9203 lr 1.00e-04 0.21h
  e440 s0 g3961 loss 2.1205 (c/l/t 0.699/0.509/0.046) 0.21h
epoch  440 train 2.3206 val 2.6090 lr 1.00e-04 0.21h
  e441 s0 g3970 loss 1.9418 (c/l/t 0.749/0.525/0.033) 0.21h
epoch  441 train 2.2966 val 2.0529 lr 1.00e-04 0.21h
  e442 s0 g3979 loss 2.2528 (c/l/t 0.700/0.681/0.044) 0.21h
epoch  442 train 2.3692 val 2.6274 lr 1.00e-04 0.21h
  e443 s0 g3988 loss 2.4312 (c/l/t 0.796/0.730/0.045) 0.21h
epoch  443 train 2.3064 val 3.2083 lr 1.00e-04 0.21h
  e444 s0 g3997 loss 2.2959 (c/l/t 0.720/0.674/0.045) 0.21h
epoch  444 train 2.3766 val 1.7662 lr 1.00e-04 0.21h
  e445 s0 g4006 loss 2.0497 (c/l/t 0.716/0.622/0.036) 0.21h
epoch  445 train 2.2836 val 1.5247 lr 1.00e-04 0.21h
  e446 s0 g4015 loss 2.2589 (c/l/t 0.793/0.754/0.036) 0.21h
epoch  446 train 2.2456 val 2.9828 lr 1.00e-04 0.21h
  e447 s0 g4024 loss 2.1409 (c/l/t 0.688/0.701/0.038) 0.21h
epoch  447 train 2.1632 val 1.9866 lr 1.00e-04 0.21h
  e448 s0 g4033 loss 2.2879 (c/l/t 0.782/0.541/0.048) 0.21h
epoch  448 train 2.3205 val 2.3146 lr 1.00e-04 0.21h
  e449 s0 g4042 loss 2.1687 (c/l/t 0.723/0.648/0.040) 0.21h
epoch  449 train 2.2077 val 2.4519 lr 1.00e-04 0.21h
  e450 s0 g4051 loss 2.2373 (c/l/t 0.785/0.423/0.051) 0.21h
epoch  450 train 2.2410 val 2.3694 lr 1.00e-04 0.21h
  e451 s0 g4060 loss 2.4381 (c/l/t 0.709/0.527/0.060) 0.21h
epoch  451 train 2.2811 val 1.9222 lr 1.00e-04 0.22h
  e452 s0 g4069 loss 2.6840 (c/l/t 0.781/0.715/0.059) 0.22h
epoch  452 train 2.2415 val 2.3199 lr 1.00e-04 0.22h
  e453 s0 g4078 loss 2.1408 (c/l/t 0.708/0.587/0.042) 0.22h
epoch  453 train 2.2300 val 2.1087 lr 1.00e-04 0.22h
  e454 s0 g4087 loss 2.5007 (c/l/t 0.730/0.572/0.060) 0.22h
epoch  454 train 2.4165 val 2.2969 lr 1.00e-04 0.22h
  e455 s0 g4096 loss 2.1252 (c/l/t 0.737/0.484/0.045) 0.22h
epoch  455 train 2.1604 val 2.4860 lr 1.00e-04 0.22h
  e456 s0 g4105 loss 2.4923 (c/l/t 0.750/0.688/0.053) 0.22h
epoch  456 train 2.2520 val 1.7336 lr 1.00e-04 0.22h
  e457 s0 g4114 loss 2.3348 (c/l/t 0.797/0.522/0.051) 0.22h
epoch  457 train 2.2816 val 1.6302 lr 1.00e-04 0.22h
  e458 s0 g4123 loss 2.0955 (c/l/t 0.781/0.443/0.044) 0.22h
epoch  458 train 2.1138 val 1.8159 lr 1.00e-04 0.22h
  e459 s0 g4132 loss 2.0625 (c/l/t 0.752/0.615/0.035) 0.22h
epoch  459 train 2.1543 val 2.0892 lr 1.00e-04 0.22h
  e460 s0 g4141 loss 2.1026 (c/l/t 0.777/0.441/0.044) 0.22h
epoch  460 train 2.1921 val 1.6772 lr 1.00e-04 0.22h
  e461 s0 g4150 loss 1.9821 (c/l/t 0.723/0.478/0.039) 0.22h
epoch  461 train 2.1784 val 1.6342 lr 1.00e-04 0.22h
  e462 s0 g4159 loss 1.8831 (c/l/t 0.681/0.497/0.035) 0.22h
epoch  462 train 2.1408 val 2.8907 lr 1.00e-04 0.22h
  e463 s0 g4168 loss 2.2019 (c/l/t 0.712/0.620/0.044) 0.22h
epoch  463 train 2.1598 val 1.8172 lr 1.00e-04 0.22h
  e464 s0 g4177 loss 1.9796 (c/l/t 0.755/0.555/0.033) 0.22h
epoch  464 train 2.2015 val 1.9753 lr 1.00e-04 0.22h
  e465 s0 g4186 loss 2.0740 (c/l/t 0.682/0.775/0.031) 0.22h
epoch  465 train 2.2595 val 2.0026 lr 1.00e-04 0.22h
  e466 s0 g4195 loss 2.0165 (c/l/t 0.803/0.431/0.039) 0.22h
epoch  466 train 2.2021 val 1.4517 lr 1.00e-04 0.22h
  e467 s0 g4204 loss 1.8773 (c/l/t 0.693/0.508/0.034) 0.22h
epoch  467 train 2.1820 val 1.6753 lr 1.00e-04 0.22h
  e468 s0 g4213 loss 2.0134 (c/l/t 0.743/0.667/0.030) 0.22h
epoch  468 train 2.1925 val 2.3020 lr 1.00e-04 0.22h
  e469 s0 g4222 loss 2.2728 (c/l/t 0.687/0.674/0.046) 0.22h
epoch  469 train 2.2592 val 1.8594 lr 1.00e-04 0.22h
  e470 s0 g4231 loss 2.1603 (c/l/t 0.775/0.565/0.041) 0.22h
epoch  470 train 2.1526 val 2.2970 lr 1.00e-04 0.22h
  e471 s0 g4240 loss 2.5092 (c/l/t 0.733/0.666/0.056) 0.22h
epoch  471 train 2.2361 val 1.9733 lr 1.00e-04 0.22h
  e472 s0 g4249 loss 2.5755 (c/l/t 0.731/0.692/0.058) 0.22h
epoch  472 train 2.3674 val 1.9820 lr 1.00e-04 0.23h
  e473 s0 g4258 loss 1.8941 (c/l/t 0.758/0.453/0.034) 0.23h
epoch  473 train 2.1613 val 2.0286 lr 1.00e-04 0.23h
  e474 s0 g4267 loss 1.9865 (c/l/t 0.707/0.545/0.037) 0.23h
epoch  474 train 2.2965 val 2.3662 lr 1.00e-04 0.23h
  e475 s0 g4276 loss 2.3592 (c/l/t 0.695/0.456/0.060) 0.23h
epoch  475 train 2.1935 val 1.8555 lr 1.00e-04 0.23h
  e476 s0 g4285 loss 2.1186 (c/l/t 0.707/0.572/0.042) 0.23h
epoch  476 train 2.2546 val 1.7488 lr 1.00e-04 0.23h
  e477 s0 g4294 loss 2.3587 (c/l/t 0.709/0.495/0.058) 0.23h
epoch  477 train 2.2891 val 2.2355 lr 1.00e-04 0.23h
  e478 s0 g4303 loss 2.5029 (c/l/t 0.723/0.579/0.060) 0.23h
epoch  478 train 2.2451 val 2.1529 lr 1.00e-04 0.23h
  e479 s0 g4312 loss 2.2655 (c/l/t 0.760/0.575/0.047) 0.23h
epoch  479 train 2.2804 val 1.7711 lr 1.00e-04 0.23h
  e480 s0 g4321 loss 2.2952 (c/l/t 0.716/0.465/0.056) 0.23h
epoch  480 train 2.1978 val 1.9695 lr 1.00e-04 0.23h
  e481 s0 g4330 loss 2.4518 (c/l/t 0.749/0.518/0.059) 0.23h
epoch  481 train 2.3455 val 1.7226 lr 1.00e-04 0.23h
  e482 s0 g4339 loss 2.1090 (c/l/t 0.730/0.623/0.038) 0.23h
epoch  482 train 2.1025 val 1.5188 lr 1.00e-04 0.23h
  e483 s0 g4348 loss 2.1250 (c/l/t 0.762/0.569/0.040) 0.23h
epoch  483 train 2.1064 val 2.5290 lr 1.00e-04 0.23h
  e484 s0 g4357 loss 2.2586 (c/l/t 0.729/0.594/0.047) 0.23h
epoch  484 train 2.1774 val 1.8146 lr 1.00e-04 0.23h
  e485 s0 g4366 loss 2.1271 (c/l/t 0.681/0.736/0.036) 0.23h
epoch  485 train 2.1636 val 1.8042 lr 1.00e-04 0.23h
  e486 s0 g4375 loss 2.1596 (c/l/t 0.750/0.603/0.040) 0.23h
epoch  486 train 2.2869 val 1.6998 lr 1.00e-04 0.23h
  e487 s0 g4384 loss 2.2531 (c/l/t 0.764/0.446/0.052) 0.23h
epoch  487 train 2.1425 val 2.5727 lr 1.00e-04 0.23h
  e488 s0 g4393 loss 1.9248 (c/l/t 0.663/0.496/0.038) 0.23h
epoch  488 train 2.1950 val 1.7088 lr 1.00e-04 0.23h
  e489 s0 g4402 loss 2.3291 (c/l/t 0.795/0.542/0.050) 0.23h
epoch  489 train 2.2631 val 1.7672 lr 1.00e-04 0.23h
  e490 s0 g4411 loss 2.4147 (c/l/t 0.715/0.782/0.046) 0.23h
epoch  490 train 2.1745 val 1.4704 lr 1.00e-04 0.23h
  e491 s0 g4420 loss 2.0868 (c/l/t 0.767/0.738/0.029) 0.23h
epoch  491 train 2.2146 val 2.5791 lr 1.00e-04 0.23h
  e492 s0 g4429 loss 2.1317 (c/l/t 0.691/0.618/0.041) 0.23h
epoch  492 train 2.0815 val 2.4231 lr 1.00e-04 0.23h
  e493 s0 g4438 loss 2.0522 (c/l/t 0.746/0.516/0.039) 0.23h
epoch  493 train 2.2396 val 1.5747 lr 1.00e-04 0.24h
  e494 s0 g4447 loss 2.0959 (c/l/t 0.740/0.587/0.038) 0.24h
epoch  494 train 2.1509 val 1.7951 lr 1.00e-04 0.24h
  e495 s0 g4456 loss 2.3312 (c/l/t 0.786/0.652/0.045) 0.24h
epoch  495 train 2.2019 val 1.9475 lr 1.00e-04 0.24h
  e496 s0 g4465 loss 2.2577 (c/l/t 0.806/0.574/0.044) 0.24h
epoch  496 train 2.1273 val 1.7763 lr 1.00e-04 0.24h
  e497 s0 g4474 loss 2.2145 (c/l/t 0.735/0.636/0.042) 0.24h
epoch  497 train 2.1694 val 1.8684 lr 1.00e-04 0.24h
  e498 s0 g4483 loss 2.2238 (c/l/t 0.758/0.686/0.039) 0.24h
epoch  498 train 2.2895 val 1.6085 lr 1.00e-04 0.24h
  e499 s0 g4492 loss 2.5246 (c/l/t 0.702/0.537/0.064) 0.24h
epoch  499 train 2.1517 val 2.8431 lr 1.00e-04 0.24h
  e500 s0 g4501 loss 2.0331 (c/l/t 0.758/0.564/0.036) 0.24h
epoch  500 train 2.1846 val 1.8678 lr 1.00e-04 0.24h
  e501 s0 g4510 loss 1.9998 (c/l/t 0.756/0.355/0.044) 0.24h
epoch  501 train 2.0558 val 2.9358 lr 1.00e-04 0.24h
  e502 s0 g4519 loss 2.0810 (c/l/t 0.813/0.731/0.027) 0.24h
epoch  502 train 2.1308 val 1.7378 lr 1.00e-04 0.24h
  e503 s0 g4528 loss 2.0425 (c/l/t 0.730/0.744/0.028) 0.24h
epoch  503 train 2.1216 val 1.6608 lr 1.00e-04 0.24h
  e504 s0 g4537 loss 2.4776 (c/l/t 0.750/0.528/0.060) 0.24h
epoch  504 train 2.2285 val 1.8144 lr 1.00e-04 0.24h
  e505 s0 g4546 loss 1.8611 (c/l/t 0.691/0.507/0.033) 0.24h
epoch  505 train 2.1001 val 1.5233 lr 1.00e-04 0.24h
  e506 s0 g4555 loss 2.1673 (c/l/t 0.747/0.561/0.043) 0.24h
epoch  506 train 2.0716 val 2.0520 lr 1.00e-04 0.24h
  e507 s0 g4564 loss 1.8940 (c/l/t 0.682/0.466/0.037) 0.24h
epoch  507 train 2.1192 val 1.6865 lr 1.00e-04 0.24h
  e508 s0 g4573 loss 1.8840 (c/l/t 0.709/0.665/0.026) 0.24h
epoch  508 train 2.0720 val 2.1363 lr 1.00e-04 0.24h
  e509 s0 g4582 loss 2.1374 (c/l/t 0.669/0.551/0.046) 0.24h
epoch  509 train 2.1841 val 2.1424 lr 1.00e-04 0.24h
  e510 s0 g4591 loss 1.8537 (c/l/t 0.696/0.586/0.029) 0.24h
epoch  510 train 2.0065 val 1.7614 lr 1.00e-04 0.24h
  e511 s0 g4600 loss 2.1620 (c/l/t 0.759/0.487/0.046) 0.24h
epoch  511 train 2.1473 val 1.4699 lr 1.00e-04 0.24h
  e512 s0 g4609 loss 1.9894 (c/l/t 0.748/0.623/0.031) 0.24h
epoch  512 train 2.1047 val 1.9930 lr 1.00e-04 0.24h
  e513 s0 g4618 loss 2.5089 (c/l/t 0.728/0.815/0.048) 0.24h
epoch  513 train 2.1708 val 2.0194 lr 1.00e-04 0.24h
  e514 s0 g4627 loss 2.0748 (c/l/t 0.758/0.620/0.035) 0.24h
epoch  514 train 2.0786 val 2.0597 lr 1.00e-04 0.24h
  e515 s0 g4636 loss 2.2222 (c/l/t 0.758/0.702/0.038) 0.25h
epoch  515 train 2.1447 val 1.8709 lr 1.00e-04 0.25h
  e516 s0 g4645 loss 2.2997 (c/l/t 0.721/0.637/0.047) 0.25h
epoch  516 train 2.1180 val 1.6451 lr 1.00e-04 0.25h
  e517 s0 g4654 loss 2.2204 (c/l/t 0.703/0.643/0.044) 0.25h
epoch  517 train 2.1764 val 1.5126 lr 1.00e-04 0.25h
  e518 s0 g4663 loss 2.4598 (c/l/t 0.766/0.859/0.042) 0.25h
epoch  518 train 2.1563 val 2.5667 lr 1.00e-04 0.25h
  e519 s0 g4672 loss 2.0388 (c/l/t 0.791/0.579/0.033) 0.25h
epoch  519 train 2.2553 val 2.1700 lr 1.00e-04 0.25h
  e520 s0 g4681 loss 1.9664 (c/l/t 0.654/0.814/0.025) 0.25h
epoch  520 train 2.0839 val 1.8988 lr 1.00e-04 0.25h
  e521 s0 g4690 loss 2.0650 (c/l/t 0.801/0.515/0.037) 0.25h
epoch  521 train 2.0079 val 2.0577 lr 1.00e-04 0.25h
  e522 s0 g4699 loss 1.9346 (c/l/t 0.759/0.625/0.028) 0.25h
epoch  522 train 2.2347 val 1.9373 lr 1.00e-04 0.25h
  e523 s0 g4708 loss 2.2246 (c/l/t 0.740/0.753/0.037) 0.25h
epoch  523 train 2.1234 val 1.7879 lr 1.00e-04 0.25h
  e524 s0 g4717 loss 2.1191 (c/l/t 0.685/0.650/0.039) 0.25h
epoch  524 train 2.0666 val 1.7885 lr 1.00e-04 0.25h
  e525 s0 g4726 loss 2.0157 (c/l/t 0.738/0.454/0.041) 0.25h
epoch  525 train 2.0429 val 1.8421 lr 1.00e-04 0.25h
  e526 s0 g4735 loss 1.9425 (c/l/t 0.740/0.619/0.029) 0.25h
epoch  526 train 2.1812 val 2.0129 lr 1.00e-04 0.25h
  e527 s0 g4744 loss 2.1601 (c/l/t 0.759/0.421/0.049) 0.25h
epoch  527 train 2.1441 val 1.9220 lr 1.00e-04 0.25h
  e528 s0 g4753 loss 1.9848 (c/l/t 0.725/0.687/0.029) 0.25h
epoch  528 train 2.0678 val 1.5081 lr 1.00e-04 0.25h
  e529 s0 g4762 loss 2.0702 (c/l/t 0.764/0.677/0.031) 0.25h
epoch  529 train 2.0915 val 3.4504 lr 1.00e-04 0.25h
  e530 s0 g4771 loss 1.8613 (c/l/t 0.788/0.558/0.026) 0.25h
epoch  530 train 2.0981 val 1.6327 lr 1.00e-04 0.25h
  e531 s0 g4780 loss 2.5999 (c/l/t 0.762/0.564/0.064) 0.25h
epoch  531 train 2.1424 val 1.7898 lr 1.00e-04 0.25h
  e532 s0 g4789 loss 1.9246 (c/l/t 0.727/0.516/0.034) 0.25h
epoch  532 train 2.1419 val 1.7933 lr 1.00e-04 0.25h
  e533 s0 g4798 loss 1.9332 (c/l/t 0.706/0.569/0.033) 0.25h
epoch  533 train 2.0002 val 1.8367 lr 1.00e-04 0.25h
  e534 s0 g4807 loss 2.2628 (c/l/t 0.736/0.742/0.039) 0.25h
epoch  534 train 2.2124 val 1.7416 lr 1.00e-04 0.25h
  e535 s0 g4816 loss 2.0812 (c/l/t 0.740/0.497/0.042) 0.25h
epoch  535 train 2.1188 val 1.8460 lr 1.00e-04 0.25h
  e536 s0 g4825 loss 2.2468 (c/l/t 0.776/0.600/0.044) 0.26h
epoch  536 train 2.0530 val 1.7306 lr 1.00e-04 0.26h
  e537 s0 g4834 loss 2.2639 (c/l/t 0.787/0.443/0.052) 0.26h
epoch  537 train 2.1539 val 1.7765 lr 1.00e-04 0.26h
  e538 s0 g4843 loss 2.3885 (c/l/t 0.776/0.696/0.046) 0.26h
epoch  538 train 2.1246 val 1.9007 lr 1.00e-04 0.26h
  e539 s0 g4852 loss 2.0056 (c/l/t 0.729/0.674/0.030) 0.26h
epoch  539 train 2.0108 val 1.5498 lr 1.00e-04 0.26h
  e540 s0 g4861 loss 2.0273 (c/l/t 0.739/0.568/0.036) 0.26h
epoch  540 train 2.0316 val 1.8608 lr 1.00e-04 0.26h
  e541 s0 g4870 loss 2.2425 (c/l/t 0.779/0.643/0.041) 0.26h
epoch  541 train 2.1549 val 2.0829 lr 1.00e-04 0.26h
  e542 s0 g4879 loss 2.1131 (c/l/t 0.734/0.685/0.035) 0.26h
epoch  542 train 1.9967 val 1.7813 lr 1.00e-04 0.26h
  e543 s0 g4888 loss 2.3722 (c/l/t 0.764/0.534/0.054) 0.26h
epoch  543 train 2.0843 val 1.6422 lr 1.00e-04 0.26h
  e544 s0 g4897 loss 2.2096 (c/l/t 0.781/0.533/0.045) 0.26h
epoch  544 train 2.0640 val 2.3069 lr 1.00e-04 0.26h
  e545 s0 g4906 loss 2.1246 (c/l/t 0.835/0.597/0.035) 0.26h
epoch  545 train 2.0282 val 1.9024 lr 1.00e-04 0.26h
  e546 s0 g4915 loss 1.9244 (c/l/t 0.802/0.688/0.022) 0.26h
epoch  546 train 2.0823 val 2.2502 lr 1.00e-04 0.26h
  e547 s0 g4924 loss 2.2725 (c/l/t 0.707/0.562/0.050) 0.26h
epoch  547 train 2.0678 val 1.6958 lr 1.00e-04 0.26h
  e548 s0 g4933 loss 2.3233 (c/l/t 0.799/0.597/0.046) 0.26h
epoch  548 train 2.1292 val 1.8966 lr 1.00e-04 0.26h
  e549 s0 g4942 loss 2.3556 (c/l/t 0.777/0.534/0.052) 0.26h
epoch  549 train 2.0658 val 1.7360 lr 1.00e-04 0.26h
  e550 s0 g4951 loss 2.0353 (c/l/t 0.751/0.544/0.037) 0.26h
epoch  550 train 2.0905 val 1.5121 lr 1.00e-04 0.26h
  e551 s0 g4960 loss 2.0492 (c/l/t 0.725/0.607/0.036) 0.26h
epoch  551 train 2.0695 val 2.1024 lr 1.00e-04 0.26h
  e552 s0 g4969 loss 2.1230 (c/l/t 0.728/0.530/0.043) 0.26h
epoch  552 train 2.1007 val 1.8102 lr 1.00e-04 0.26h
  e553 s0 g4978 loss 2.1384 (c/l/t 0.731/0.746/0.033) 0.26h
epoch  553 train 1.9979 val 1.6977 lr 1.00e-04 0.26h
  e554 s0 g4987 loss 1.9327 (c/l/t 0.769/0.572/0.030) 0.26h
epoch  554 train 2.0381 val 1.7984 lr 1.00e-04 0.26h
  e555 s0 g4996 loss 1.7346 (c/l/t 0.755/0.406/0.029) 0.26h
epoch  555 train 2.0256 val 1.9637 lr 1.00e-04 0.26h
  e556 s0 g5005 loss 2.1294 (c/l/t 0.737/0.665/0.036) 0.26h
epoch  556 train 2.1206 val 1.7337 lr 1.00e-04 0.26h
  e557 s0 g5014 loss 2.3339 (c/l/t 0.751/0.665/0.046) 0.26h
epoch  557 train 2.1507 val 1.7867 lr 1.00e-04 0.27h
  e558 s0 g5023 loss 2.1540 (c/l/t 0.765/0.569/0.041) 0.27h
epoch  558 train 2.0413 val 1.7297 lr 1.00e-04 0.27h
  e559 s0 g5032 loss 1.8993 (c/l/t 0.682/0.472/0.037) 0.27h
epoch  559 train 2.2254 val 1.7849 lr 1.00e-04 0.27h
  e560 s0 g5041 loss 1.8461 (c/l/t 0.654/0.487/0.035) 0.27h
epoch  560 train 2.0709 val 1.8818 lr 1.00e-04 0.27h
  e561 s0 g5050 loss 2.0956 (c/l/t 0.731/0.481/0.044) 0.27h
epoch  561 train 2.0092 val 1.4901 lr 1.00e-04 0.27h
  e562 s0 g5059 loss 2.4497 (c/l/t 0.777/0.667/0.050) 0.27h
epoch  562 train 2.0756 val 2.1859 lr 1.00e-04 0.27h
  e563 s0 g5068 loss 1.9278 (c/l/t 0.720/0.560/0.032) 0.27h
epoch  563 train 1.9742 val 2.2375 lr 1.00e-04 0.27h
  e564 s0 g5077 loss 2.3253 (c/l/t 0.739/0.644/0.047) 0.27h
epoch  564 train 2.0350 val 1.9547 lr 1.00e-04 0.27h
  e565 s0 g5086 loss 1.9038 (c/l/t 0.677/0.498/0.036) 0.27h
epoch  565 train 2.0618 val 1.9433 lr 1.00e-04 0.27h
  e566 s0 g5095 loss 2.0988 (c/l/t 0.715/0.817/0.028) 0.27h
epoch  566 train 2.0199 val 2.0501 lr 1.00e-04 0.27h
  e567 s0 g5104 loss 1.8006 (c/l/t 0.750/0.532/0.026) 0.27h
epoch  567 train 1.9846 val 2.3619 lr 1.00e-04 0.27h
  e568 s0 g5113 loss 1.8403 (c/l/t 0.749/0.500/0.030) 0.27h
epoch  568 train 2.0281 val 1.7394 lr 1.00e-04 0.27h
  e569 s0 g5122 loss 2.3645 (c/l/t 0.785/0.423/0.058) 0.27h
epoch  569 train 2.1293 val 1.9855 lr 1.00e-04 0.27h
  e570 s0 g5131 loss 1.9913 (c/l/t 0.688/0.651/0.033) 0.27h
epoch  570 train 2.0622 val 2.0033 lr 1.00e-04 0.27h
  e571 s0 g5140 loss 2.1484 (c/l/t 0.762/0.551/0.042) 0.27h
epoch  571 train 2.0060 val 1.6643 lr 1.00e-04 0.27h
  e572 s0 g5149 loss 1.8207 (c/l/t 0.691/0.651/0.024) 0.27h
epoch  572 train 2.0499 val 1.7495 lr 1.00e-04 0.27h
  e573 s0 g5158 loss 2.3854 (c/l/t 0.752/0.542/0.055) 0.27h
epoch  573 train 2.1398 val 2.4773 lr 1.00e-04 0.27h
  e574 s0 g5167 loss 2.0849 (c/l/t 0.729/0.468/0.044) 0.27h
epoch  574 train 2.0510 val 1.6196 lr 1.00e-04 0.27h
  e575 s0 g5176 loss 1.9564 (c/l/t 0.765/0.595/0.030) 0.27h
epoch  575 train 2.0528 val 2.0762 lr 1.00e-04 0.27h
  e576 s0 g5185 loss 2.0331 (c/l/t 0.711/0.447/0.044) 0.27h
epoch  576 train 2.0574 val 1.7373 lr 1.00e-04 0.27h
  e577 s0 g5194 loss 2.4994 (c/l/t 0.769/0.549/0.059) 0.27h
epoch  577 train 2.1066 val 1.4030 lr 1.00e-04 0.27h
  e578 s0 g5203 loss 2.0865 (c/l/t 0.729/0.696/0.033) 0.27h
epoch  578 train 1.9752 val 1.7447 lr 1.00e-04 0.28h
  e579 s0 g5212 loss 2.0108 (c/l/t 0.752/0.661/0.030) 0.28h
epoch  579 train 1.9343 val 1.8407 lr 1.00e-04 0.28h
  e580 s0 g5221 loss 1.9470 (c/l/t 0.758/0.684/0.025) 0.28h
epoch  580 train 1.9825 val 2.1831 lr 1.00e-04 0.28h
  e581 s0 g5230 loss 1.9898 (c/l/t 0.752/0.651/0.029) 0.28h
epoch  581 train 1.9375 val 2.1834 lr 1.00e-04 0.28h
  e582 s0 g5239 loss 2.0985 (c/l/t 0.750/0.604/0.037) 0.28h
epoch  582 train 1.9977 val 1.6861 lr 1.00e-04 0.28h
  e583 s0 g5248 loss 1.6532 (c/l/t 0.719/0.440/0.025) 0.28h
epoch  583 train 2.0020 val 1.6974 lr 1.00e-04 0.28h
  e584 s0 g5257 loss 2.1131 (c/l/t 0.771/0.809/0.027) 0.28h
epoch  584 train 1.9929 val 2.2328 lr 1.00e-04 0.28h
  e585 s0 g5266 loss 2.1334 (c/l/t 0.702/0.585/0.042) 0.28h
epoch  585 train 2.0653 val 1.8124 lr 1.00e-04 0.28h
  e586 s0 g5275 loss 2.0852 (c/l/t 0.811/0.492/0.039) 0.28h
epoch  586 train 2.1164 val 1.5198 lr 1.00e-04 0.28h
  e587 s0 g5284 loss 2.0699 (c/l/t 0.812/0.425/0.042) 0.28h
epoch  587 train 2.0526 val 1.5937 lr 1.00e-04 0.28h
  e588 s0 g5293 loss 2.0061 (c/l/t 0.742/0.530/0.037) 0.28h
epoch  588 train 2.0829 val 1.7712 lr 1.00e-04 0.28h
  e589 s0 g5302 loss 1.8575 (c/l/t 0.752/0.597/0.025) 0.28h
epoch  589 train 1.9384 val 2.2079 lr 1.00e-04 0.28h
  e590 s0 g5311 loss 1.9804 (c/l/t 0.748/0.594/0.032) 0.28h
epoch  590 train 1.9839 val 2.2519 lr 1.00e-04 0.28h
  e591 s0 g5320 loss 2.2083 (c/l/t 0.745/0.626/0.042) 0.28h
epoch  591 train 2.0513 val 1.8587 lr 1.00e-04 0.28h
  e592 s0 g5329 loss 2.2482 (c/l/t 0.735/0.560/0.048) 0.28h
epoch  592 train 2.0448 val 1.4797 lr 1.00e-04 0.28h
  e593 s0 g5338 loss 2.1698 (c/l/t 0.703/0.739/0.036) 0.28h
epoch  593 train 1.9689 val 1.5828 lr 1.00e-04 0.28h
  e594 s0 g5347 loss 1.9452 (c/l/t 0.758/0.468/0.036) 0.28h
epoch  594 train 2.0789 val 1.6891 lr 1.00e-04 0.28h
  e595 s0 g5356 loss 1.8385 (c/l/t 0.766/0.579/0.025) 0.28h
epoch  595 train 1.8936 val 1.6505 lr 1.00e-04 0.28h
  e596 s0 g5365 loss 2.0673 (c/l/t 0.751/0.482/0.042) 0.28h
epoch  596 train 2.0725 val 1.5972 lr 1.00e-04 0.28h
  e597 s0 g5374 loss 1.9275 (c/l/t 0.739/0.519/0.033) 0.28h
epoch  597 train 1.9554 val 1.8356 lr 1.00e-04 0.28h
  e598 s0 g5383 loss 1.8429 (c/l/t 0.705/0.494/0.032) 0.28h
epoch  598 train 1.9953 val 1.6544 lr 1.00e-04 0.28h
  e599 s0 g5392 loss 1.8783 (c/l/t 0.728/0.511/0.032) 0.28h
epoch  599 train 2.0039 val 1.5580 lr 1.00e-04 0.29h
  e600 s0 g5401 loss 1.8194 (c/l/t 0.735/0.576/0.025) 0.29h
epoch  600 train 1.9911 val 1.7196 lr 1.00e-04 0.29h
  e601 s0 g5410 loss 2.2185 (c/l/t 0.743/0.712/0.038) 0.29h
epoch  601 train 1.9562 val 1.5289 lr 1.00e-04 0.29h
  e602 s0 g5419 loss 1.9831 (c/l/t 0.759/0.542/0.034) 0.29h
epoch  602 train 1.9600 val 2.2077 lr 1.00e-04 0.29h
  e603 s0 g5428 loss 2.7345 (c/l/t 0.770/0.632/0.067) 0.29h
epoch  603 train 2.1154 val 1.8435 lr 1.00e-04 0.29h
  e604 s0 g5437 loss 1.9103 (c/l/t 0.753/0.621/0.027) 0.29h
epoch  604 train 1.9576 val 1.7392 lr 1.00e-04 0.29h
  e605 s0 g5446 loss 1.9939 (c/l/t 0.749/0.696/0.027) 0.29h
epoch  605 train 1.9791 val 1.5662 lr 1.00e-04 0.29h
  e606 s0 g5455 loss 1.9297 (c/l/t 0.688/0.711/0.027) 0.29h
epoch  606 train 1.9941 val 1.6965 lr 1.00e-04 0.29h
  e607 s0 g5464 loss 1.8242 (c/l/t 0.722/0.507/0.030) 0.29h
epoch  607 train 2.0242 val 1.8922 lr 1.00e-04 0.29h
  e608 s0 g5473 loss 1.8568 (c/l/t 0.715/0.339/0.040) 0.29h
epoch  608 train 1.9341 val 1.6113 lr 1.00e-04 0.29h
  e609 s0 g5482 loss 2.0334 (c/l/t 0.743/0.695/0.030) 0.29h
epoch  609 train 1.9860 val 1.6865 lr 1.00e-04 0.29h
  e610 s0 g5491 loss 2.1349 (c/l/t 0.779/0.419/0.047) 0.29h
epoch  610 train 1.9730 val 1.8186 lr 1.00e-04 0.29h
  e611 s0 g5500 loss 2.2927 (c/l/t 0.761/0.576/0.048) 0.29h
epoch  611 train 1.9715 val 1.6107 lr 1.00e-04 0.29h
  e612 s0 g5509 loss 1.8749 (c/l/t 0.748/0.536/0.030) 0.29h
epoch  612 train 2.0866 val 1.8670 lr 1.00e-04 0.29h
  e613 s0 g5518 loss 2.0622 (c/l/t 0.714/0.630/0.036) 0.29h
epoch  613 train 1.9650 val 1.5188 lr 1.00e-04 0.29h
  e614 s0 g5527 loss 2.1052 (c/l/t 0.738/0.536/0.042) 0.29h
epoch  614 train 2.0350 val 1.9592 lr 1.00e-04 0.29h
  e615 s0 g5536 loss 2.0093 (c/l/t 0.688/0.554/0.038) 0.29h
epoch  615 train 2.1491 val 1.7356 lr 1.00e-04 0.29h
  e616 s0 g5545 loss 2.1355 (c/l/t 0.718/0.588/0.041) 0.29h
epoch  616 train 1.9534 val 1.4812 lr 1.00e-04 0.29h
  e617 s0 g5554 loss 2.0922 (c/l/t 0.754/0.600/0.037) 0.29h
epoch  617 train 1.9979 val 2.3444 lr 1.00e-04 0.29h
  e618 s0 g5563 loss 2.2116 (c/l/t 0.790/0.490/0.047) 0.29h
epoch  618 train 1.9559 val 1.6290 lr 1.00e-04 0.29h
  e619 s0 g5572 loss 1.7631 (c/l/t 0.758/0.443/0.028) 0.29h
epoch  619 train 1.9547 val 1.8477 lr 1.00e-04 0.29h
  e620 s0 g5581 loss 1.8898 (c/l/t 0.657/0.455/0.039) 0.29h
epoch  620 train 2.0262 val 1.5958 lr 1.00e-04 0.30h
  e621 s0 g5590 loss 2.0789 (c/l/t 0.695/0.731/0.033) 0.30h
epoch  621 train 1.9807 val 1.9142 lr 1.00e-04 0.30h
  e622 s0 g5599 loss 1.9178 (c/l/t 0.752/0.715/0.023) 0.30h
epoch  622 train 1.9510 val 1.7418 lr 1.00e-04 0.30h
  e623 s0 g5608 loss 1.9261 (c/l/t 0.757/0.377/0.040) 0.30h
epoch  623 train 1.9492 val 1.8273 lr 1.00e-04 0.30h
  e624 s0 g5617 loss 1.8246 (c/l/t 0.729/0.599/0.025) 0.30h
epoch  624 train 1.9959 val 1.7858 lr 1.00e-04 0.30h
  e625 s0 g5626 loss 2.0268 (c/l/t 0.706/0.680/0.032) 0.30h
epoch  625 train 1.9587 val 1.6409 lr 1.00e-04 0.30h
  e626 s0 g5635 loss 2.1909 (c/l/t 0.785/0.519/0.044) 0.30h
epoch  626 train 2.0153 val 2.1685 lr 1.00e-04 0.30h
  e627 s0 g5644 loss 2.0538 (c/l/t 0.754/0.542/0.038) 0.30h
epoch  627 train 1.9844 val 1.7993 lr 1.00e-04 0.30h
  e628 s0 g5653 loss 1.9739 (c/l/t 0.724/0.734/0.026) 0.30h
epoch  628 train 2.0543 val 1.8994 lr 1.00e-04 0.30h
  e629 s0 g5662 loss 1.8511 (c/l/t 0.805/0.448/0.030) 0.30h
epoch  629 train 1.9406 val 1.8475 lr 1.00e-04 0.30h
  e630 s0 g5671 loss 1.8272 (c/l/t 0.692/0.689/0.022) 0.30h
epoch  630 train 2.0504 val 1.7483 lr 1.00e-04 0.30h
  e631 s0 g5680 loss 2.0263 (c/l/t 0.703/0.589/0.037) 0.30h
epoch  631 train 1.9536 val 1.6088 lr 1.00e-04 0.30h
  e632 s0 g5689 loss 2.2705 (c/l/t 0.749/0.779/0.037) 0.30h
epoch  632 train 2.0973 val 1.9902 lr 1.00e-04 0.30h
  e633 s0 g5698 loss 2.0812 (c/l/t 0.824/0.578/0.034) 0.30h
epoch  633 train 2.0052 val 1.7104 lr 1.00e-04 0.30h
  e634 s0 g5707 loss 1.9872 (c/l/t 0.781/0.422/0.039) 0.30h
epoch  634 train 1.9935 val 1.7041 lr 1.00e-04 0.30h
  e635 s0 g5716 loss 1.9252 (c/l/t 0.749/0.548/0.031) 0.30h
epoch  635 train 2.0394 val 1.5360 lr 1.00e-04 0.30h
  e636 s0 g5725 loss 1.9807 (c/l/t 0.682/0.466/0.042) 0.30h
epoch  636 train 1.9626 val 1.9492 lr 1.00e-04 0.30h
  e637 s0 g5734 loss 2.0598 (c/l/t 0.747/0.473/0.042) 0.30h
epoch  637 train 1.9927 val 1.6173 lr 1.00e-04 0.30h
  e638 s0 g5743 loss 1.7344 (c/l/t 0.748/0.542/0.022) 0.30h
epoch  638 train 1.8932 val 2.3577 lr 1.00e-04 0.30h
  e639 s0 g5752 loss 2.0311 (c/l/t 0.771/0.673/0.029) 0.30h
epoch  639 train 1.9227 val 1.8261 lr 1.00e-04 0.30h
  e640 s0 g5761 loss 1.8512 (c/l/t 0.784/0.564/0.025) 0.30h
epoch  640 train 1.9703 val 1.6273 lr 1.00e-04 0.30h
  e641 s0 g5770 loss 2.0554 (c/l/t 0.735/0.623/0.035) 0.30h
epoch  641 train 1.9511 val 1.5152 lr 1.00e-04 0.31h
  e642 s0 g5779 loss 1.8729 (c/l/t 0.688/0.521/0.033) 0.31h
epoch  642 train 2.0430 val 2.1416 lr 1.00e-04 0.31h
  e643 s0 g5788 loss 2.0171 (c/l/t 0.754/0.515/0.037) 0.31h
epoch  643 train 1.9651 val 1.7888 lr 1.00e-04 0.31h
  e644 s0 g5797 loss 1.8284 (c/l/t 0.719/0.411/0.035) 0.31h
epoch  644 train 1.9787 val 1.7561 lr 1.00e-04 0.31h
  e645 s0 g5806 loss 2.1986 (c/l/t 0.739/0.732/0.036) 0.31h
epoch  645 train 1.8722 val 2.1421 lr 1.00e-04 0.31h
  e646 s0 g5815 loss 2.1244 (c/l/t 0.698/0.756/0.034) 0.31h
epoch  646 train 1.9844 val 1.9353 lr 1.00e-04 0.31h
  e647 s0 g5824 loss 1.7520 (c/l/t 0.721/0.535/0.025) 0.31h
epoch  647 train 1.9516 val 1.4991 lr 1.00e-04 0.31h
  e648 s0 g5833 loss 2.0771 (c/l/t 0.709/0.605/0.038) 0.31h
epoch  648 train 1.9236 val 1.6660 lr 1.00e-04 0.31h
  e649 s0 g5842 loss 1.6965 (c/l/t 0.695/0.507/0.025) 0.31h
epoch  649 train 1.9139 val 1.4370 lr 1.00e-04 0.31h
  e650 s0 g5851 loss 1.7930 (c/l/t 0.736/0.563/0.025) 0.31h
epoch  650 train 1.9905 val 1.9422 lr 1.00e-04 0.31h
  e651 s0 g5860 loss 1.8226 (c/l/t 0.731/0.483/0.030) 0.31h
epoch  651 train 1.9232 val 1.6053 lr 1.00e-04 0.31h
  e652 s0 g5869 loss 1.7755 (c/l/t 0.746/0.457/0.029) 0.31h
epoch  652 train 1.8607 val 2.2005 lr 1.00e-04 0.31h
  e653 s0 g5878 loss 1.6086 (c/l/t 0.697/0.497/0.021) 0.31h
epoch  653 train 2.0079 val 1.9507 lr 1.00e-04 0.31h
  e654 s0 g5887 loss 1.9616 (c/l/t 0.768/0.459/0.037) 0.31h
epoch  654 train 1.9652 val 1.4461 lr 1.00e-04 0.31h
  e655 s0 g5896 loss 1.9168 (c/l/t 0.689/0.730/0.025) 0.31h
epoch  655 train 1.9198 val 1.6810 lr 1.00e-04 0.31h
  e656 s0 g5905 loss 2.1045 (c/l/t 0.743/0.604/0.038) 0.31h
epoch  656 train 1.8666 val 1.6971 lr 1.00e-04 0.31h
  e657 s0 g5914 loss 1.9286 (c/l/t 0.796/0.541/0.030) 0.31h
epoch  657 train 2.0245 val 1.9127 lr 1.00e-04 0.31h
  e658 s0 g5923 loss 1.5999 (c/l/t 0.686/0.368/0.027) 0.31h
epoch  658 train 1.8701 val 1.5022 lr 1.00e-04 0.31h
  e659 s0 g5932 loss 1.9662 (c/l/t 0.778/0.485/0.035) 0.31h
epoch  659 train 1.9579 val 1.6285 lr 1.00e-04 0.31h
  e660 s0 g5941 loss 1.9329 (c/l/t 0.694/0.598/0.032) 0.31h
epoch  660 train 1.9963 val 1.4866 lr 1.00e-04 0.31h
  e661 s0 g5950 loss 2.0336 (c/l/t 0.769/0.576/0.034) 0.31h
epoch  661 train 1.9610 val 1.6564 lr 1.00e-04 0.31h
  e662 s0 g5959 loss 2.0679 (c/l/t 0.734/0.705/0.031) 0.31h
epoch  662 train 1.9096 val 1.8739 lr 1.00e-04 0.32h
  e663 s0 g5968 loss 1.9814 (c/l/t 0.729/0.606/0.032) 0.32h
epoch  663 train 2.0322 val 1.6412 lr 1.00e-04 0.32h
  e664 s0 g5977 loss 2.2057 (c/l/t 0.740/0.685/0.039) 0.32h
epoch  664 train 1.9106 val 1.3338 lr 1.00e-04 0.32h
  e665 s0 g5986 loss 1.8768 (c/l/t 0.727/0.574/0.029) 0.32h
epoch  665 train 1.9513 val 2.1917 lr 1.00e-04 0.32h
  e666 s0 g5995 loss 1.8263 (c/l/t 0.702/0.440/0.034) 0.32h
epoch  666 train 2.0218 val 1.6881 lr 1.00e-04 0.32h
  e667 s0 g6004 loss 1.7544 (c/l/t 0.756/0.474/0.026) 0.32h
epoch  667 train 1.8868 val 1.6221 lr 1.00e-04 0.32h
  e668 s0 g6013 loss 2.1758 (c/l/t 0.741/0.567/0.043) 0.32h
epoch  668 train 1.9563 val 2.0241 lr 1.00e-04 0.32h
  e669 s0 g6022 loss 1.8944 (c/l/t 0.700/0.494/0.035) 0.32h
epoch  669 train 1.9550 val 2.3573 lr 1.00e-04 0.32h
  e670 s0 g6031 loss 1.7684 (c/l/t 0.727/0.469/0.029) 0.32h
epoch  670 train 1.9452 val 1.5630 lr 1.00e-04 0.32h
  e671 s0 g6040 loss 1.7653 (c/l/t 0.697/0.592/0.024) 0.32h
epoch  671 train 1.9372 val 1.3947 lr 1.00e-04 0.32h
  e672 s0 g6049 loss 1.9016 (c/l/t 0.692/0.799/0.021) 0.32h
epoch  672 train 1.9619 val 2.2038 lr 1.00e-04 0.32h
  e673 s0 g6058 loss 1.8756 (c/l/t 0.705/0.556/0.031) 0.32h
epoch  673 train 1.9578 val 2.1432 lr 1.00e-04 0.32h
  e674 s0 g6067 loss 2.1920 (c/l/t 0.774/0.554/0.043) 0.32h
epoch  674 train 1.9355 val 1.7789 lr 1.00e-04 0.32h
  e675 s0 g6076 loss 1.7820 (c/l/t 0.778/0.562/0.022) 0.32h
epoch  675 train 1.8941 val 2.1001 lr 1.00e-04 0.32h
  e676 s0 g6085 loss 1.9772 (c/l/t 0.767/0.560/0.032) 0.32h
epoch  676 train 1.9068 val 2.0454 lr 1.00e-04 0.32h
  e677 s0 g6094 loss 1.9359 (c/l/t 0.749/0.527/0.033) 0.32h
epoch  677 train 1.9637 val 1.6487 lr 1.00e-04 0.32h
  e678 s0 g6103 loss 2.3926 (c/l/t 0.736/0.811/0.042) 0.32h
epoch  678 train 2.0181 val 1.6130 lr 1.00e-04 0.32h
  e679 s0 g6112 loss 1.8858 (c/l/t 0.736/0.502/0.032) 0.32h
epoch  679 train 1.9523 val 2.6601 lr 1.00e-04 0.32h
  e680 s0 g6121 loss 2.0799 (c/l/t 0.765/0.677/0.032) 0.32h
epoch  680 train 1.9399 val 1.8769 lr 1.00e-04 0.32h
  e681 s0 g6130 loss 1.9553 (c/l/t 0.765/0.668/0.026) 0.32h
epoch  681 train 1.9195 val 1.6941 lr 1.00e-04 0.32h
  e682 s0 g6139 loss 1.7944 (c/l/t 0.686/0.579/0.026) 0.32h
epoch  682 train 1.9184 val 1.4560 lr 1.00e-04 0.32h
  e683 s0 g6148 loss 1.9496 (c/l/t 0.734/0.490/0.036) 0.32h
epoch  683 train 1.8566 val 1.6271 lr 1.00e-04 0.33h
  e684 s0 g6157 loss 1.8369 (c/l/t 0.697/0.613/0.026) 0.33h
epoch  684 train 1.8586 val 1.4043 lr 1.00e-04 0.33h
  e685 s0 g6166 loss 1.8381 (c/l/t 0.689/0.534/0.031) 0.33h
epoch  685 train 1.8867 val 1.1965 lr 1.00e-04 0.33h
  e686 s0 g6175 loss 1.7747 (c/l/t 0.654/0.391/0.036) 0.33h
epoch  686 train 1.8562 val 1.4366 lr 1.00e-04 0.33h
  e687 s0 g6184 loss 1.9914 (c/l/t 0.718/0.724/0.027) 0.33h
epoch  687 train 1.9249 val 1.5797 lr 1.00e-04 0.33h
  e688 s0 g6193 loss 1.5818 (c/l/t 0.741/0.328/0.026) 0.33h
epoch  688 train 1.9359 val 1.4979 lr 1.00e-04 0.33h
  e689 s0 g6202 loss 1.8772 (c/l/t 0.750/0.558/0.028) 0.33h
epoch  689 train 1.9474 val 1.6360 lr 1.00e-04 0.33h
  e690 s0 g6211 loss 1.8650 (c/l/t 0.740/0.472/0.033) 0.33h
epoch  690 train 1.9354 val 1.5328 lr 1.00e-04 0.33h
  e691 s0 g6220 loss 1.8418 (c/l/t 0.781/0.374/0.034) 0.33h
epoch  691 train 1.9548 val 1.7608 lr 1.00e-04 0.33h
  e692 s0 g6229 loss 1.9282 (c/l/t 0.713/0.407/0.040) 0.33h
epoch  692 train 1.8966 val 1.7381 lr 1.00e-04 0.33h
  e693 s0 g6238 loss 1.8960 (c/l/t 0.784/0.598/0.026) 0.33h
epoch  693 train 1.9147 val 1.5187 lr 1.00e-04 0.33h
  e694 s0 g6247 loss 1.8167 (c/l/t 0.731/0.619/0.023) 0.33h
epoch  694 train 1.9201 val 1.5986 lr 1.00e-04 0.33h
  e695 s0 g6256 loss 1.7890 (c/l/t 0.682/0.636/0.024) 0.33h
epoch  695 train 1.8496 val 1.4915 lr 1.00e-04 0.33h
  e696 s0 g6265 loss 1.9544 (c/l/t 0.753/0.558/0.032) 0.33h
epoch  696 train 1.9267 val 1.6574 lr 1.00e-04 0.33h
  e697 s0 g6274 loss 1.7370 (c/l/t 0.731/0.542/0.023) 0.33h
epoch  697 train 1.9192 val 1.9958 lr 1.00e-04 0.33h
  e698 s0 g6283 loss 1.8167 (c/l/t 0.719/0.534/0.028) 0.33h
epoch  698 train 1.8769 val 1.5391 lr 1.00e-04 0.33h
  e699 s0 g6292 loss 1.8920 (c/l/t 0.708/0.585/0.030) 0.33h
epoch  699 train 1.8688 val 1.6276 lr 1.00e-04 0.33h
  e700 s0 g6301 loss 1.8285 (c/l/t 0.736/0.513/0.029) 0.33h
epoch  700 train 1.8501 val 1.7065 lr 1.00e-04 0.33h
  e701 s0 g6310 loss 2.1896 (c/l/t 0.687/0.751/0.038) 0.33h
epoch  701 train 1.9418 val 1.6452 lr 1.00e-04 0.33h
  e702 s0 g6319 loss 1.8679 (c/l/t 0.700/0.643/0.026) 0.33h
epoch  702 train 1.8502 val 1.9864 lr 1.00e-04 0.33h
  e703 s0 g6328 loss 1.6532 (c/l/t 0.732/0.486/0.022) 0.33h
epoch  703 train 1.8696 val 1.4412 lr 1.00e-04 0.33h
  e704 s0 g6337 loss 1.7826 (c/l/t 0.749/0.646/0.019) 0.33h
epoch  704 train 1.9459 val 1.7509 lr 1.00e-04 0.34h
  e705 s0 g6346 loss 1.8819 (c/l/t 0.653/0.569/0.033) 0.34h
epoch  705 train 1.8120 val 1.8084 lr 1.00e-04 0.34h
  e706 s0 g6355 loss 1.8343 (c/l/t 0.674/0.611/0.027) 0.34h
epoch  706 train 1.8642 val 1.5312 lr 1.00e-04 0.34h
  e707 s0 g6364 loss 1.6896 (c/l/t 0.683/0.578/0.021) 0.34h
epoch  707 train 1.7999 val 1.6958 lr 1.00e-04 0.34h
  e708 s0 g6373 loss 1.8248 (c/l/t 0.730/0.557/0.027) 0.34h
epoch  708 train 1.9164 val 2.1168 lr 1.00e-04 0.34h
  e709 s0 g6382 loss 1.9301 (c/l/t 0.758/0.611/0.028) 0.34h
epoch  709 train 1.9071 val 1.8838 lr 1.00e-04 0.34h
  e710 s0 g6391 loss 2.0246 (c/l/t 0.753/0.492/0.039) 0.34h
epoch  710 train 1.8783 val 1.4720 lr 1.00e-04 0.34h
  e711 s0 g6400 loss 1.9110 (c/l/t 0.733/0.504/0.034) 0.34h
epoch  711 train 1.8826 val 1.8147 lr 1.00e-04 0.34h
  e712 s0 g6409 loss 1.8518 (c/l/t 0.676/0.667/0.025) 0.34h
epoch  712 train 1.8717 val 1.4734 lr 1.00e-04 0.34h
  e713 s0 g6418 loss 1.7923 (c/l/t 0.685/0.475/0.032) 0.34h
epoch  713 train 1.8668 val 1.6992 lr 1.00e-04 0.34h
  e714 s0 g6427 loss 2.0116 (c/l/t 0.695/0.714/0.030) 0.34h
epoch  714 train 1.9377 val 1.8710 lr 1.00e-04 0.34h
  e715 s0 g6436 loss 1.9867 (c/l/t 0.708/0.650/0.031) 0.34h
epoch  715 train 1.8891 val 1.5963 lr 1.00e-04 0.34h
  e716 s0 g6445 loss 1.9934 (c/l/t 0.726/0.483/0.039) 0.34h
epoch  716 train 1.8629 val 2.3096 lr 1.00e-04 0.34h
  e717 s0 g6454 loss 1.7451 (c/l/t 0.757/0.550/0.022) 0.34h
epoch  717 train 1.9580 val 1.4522 lr 1.00e-04 0.34h
  e718 s0 g6463 loss 2.0249 (c/l/t 0.693/0.551/0.039) 0.34h
epoch  718 train 1.9080 val 1.6072 lr 1.00e-04 0.34h
  e719 s0 g6472 loss 2.0211 (c/l/t 0.640/0.626/0.038) 0.34h
epoch  719 train 1.9148 val 1.5968 lr 1.00e-04 0.34h
  e720 s0 g6481 loss 2.0204 (c/l/t 0.759/0.693/0.028) 0.34h
epoch  720 train 1.9221 val 2.1928 lr 1.00e-04 0.34h
  e721 s0 g6490 loss 2.3757 (c/l/t 0.787/0.563/0.051) 0.34h
epoch  721 train 1.9378 val 1.6184 lr 1.00e-04 0.34h
  e722 s0 g6499 loss 1.9830 (c/l/t 0.707/0.576/0.035) 0.34h
epoch  722 train 1.9152 val 2.0732 lr 1.00e-04 0.34h
  e723 s0 g6508 loss 1.5959 (c/l/t 0.676/0.558/0.018) 0.34h
epoch  723 train 1.9412 val 1.7406 lr 1.00e-04 0.34h
  e724 s0 g6517 loss 2.1956 (c/l/t 0.736/0.797/0.033) 0.34h
epoch  724 train 1.8758 val 1.7021 lr 1.00e-04 0.34h
  e725 s0 g6526 loss 1.8178 (c/l/t 0.725/0.564/0.026) 0.34h
epoch  725 train 1.8742 val 1.7546 lr 1.00e-04 0.35h
  e726 s0 g6535 loss 1.7734 (c/l/t 0.722/0.546/0.025) 0.35h
epoch  726 train 1.8900 val 1.7516 lr 1.00e-04 0.35h
  e727 s0 g6544 loss 1.7569 (c/l/t 0.713/0.407/0.032) 0.35h
epoch  727 train 1.8423 val 1.7096 lr 1.00e-04 0.35h
  e728 s0 g6553 loss 2.0349 (c/l/t 0.726/0.499/0.040) 0.35h
epoch  728 train 1.8424 val 1.7511 lr 1.00e-04 0.35h
  e729 s0 g6562 loss 2.0745 (c/l/t 0.793/0.751/0.027) 0.35h
epoch  729 train 1.8618 val 1.8598 lr 1.00e-04 0.35h
  e730 s0 g6571 loss 1.9966 (c/l/t 0.764/0.614/0.031) 0.35h
epoch  730 train 1.8358 val 2.0740 lr 1.00e-04 0.35h
  e731 s0 g6580 loss 1.6781 (c/l/t 0.738/0.448/0.025) 0.35h
epoch  731 train 1.8986 val 1.7305 lr 1.00e-04 0.35h
  e732 s0 g6589 loss 1.6866 (c/l/t 0.741/0.502/0.022) 0.35h
epoch  732 train 1.8144 val 1.7198 lr 1.00e-04 0.35h
  e733 s0 g6598 loss 1.9230 (c/l/t 0.717/0.464/0.037) 0.35h
epoch  733 train 1.9090 val 1.6692 lr 1.00e-04 0.35h
  e734 s0 g6607 loss 1.9074 (c/l/t 0.761/0.491/0.033) 0.35h
epoch  734 train 1.8857 val 1.7157 lr 1.00e-04 0.35h
  e735 s0 g6616 loss 1.8590 (c/l/t 0.750/0.518/0.030) 0.35h
epoch  735 train 1.8640 val 1.9026 lr 1.00e-04 0.35h
  e736 s0 g6625 loss 1.8141 (c/l/t 0.700/0.429/0.034) 0.35h
epoch  736 train 1.8450 val 1.6895 lr 1.00e-04 0.35h
  e737 s0 g6634 loss 1.8940 (c/l/t 0.735/0.791/0.018) 0.35h
epoch  737 train 1.8983 val 1.6435 lr 1.00e-04 0.35h
  e738 s0 g6643 loss 1.9458 (c/l/t 0.732/0.642/0.029) 0.35h
epoch  738 train 1.9537 val 1.6211 lr 1.00e-04 0.35h
  e739 s0 g6652 loss 1.7286 (c/l/t 0.747/0.370/0.031) 0.35h
epoch  739 train 1.8727 val 1.7171 lr 1.00e-04 0.35h
  e740 s0 g6661 loss 1.7785 (c/l/t 0.656/0.469/0.033) 0.35h
epoch  740 train 1.8462 val 1.6771 lr 1.00e-04 0.35h
  e741 s0 g6670 loss 1.9928 (c/l/t 0.717/0.639/0.032) 0.35h
epoch  741 train 1.8696 val 1.7397 lr 1.00e-04 0.35h
  e742 s0 g6679 loss 1.7548 (c/l/t 0.758/0.508/0.024) 0.35h
epoch  742 train 1.9433 val 1.7708 lr 1.00e-04 0.35h
  e743 s0 g6688 loss 1.8428 (c/l/t 0.761/0.457/0.031) 0.35h
epoch  743 train 1.8944 val 1.9260 lr 1.00e-04 0.35h
  e744 s0 g6697 loss 1.9216 (c/l/t 0.739/0.511/0.034) 0.35h
epoch  744 train 1.8576 val 1.8545 lr 1.00e-04 0.35h
  e745 s0 g6706 loss 1.7492 (c/l/t 0.704/0.706/0.017) 0.35h
epoch  745 train 1.8074 val 1.5288 lr 1.00e-04 0.35h
  e746 s0 g6715 loss 1.8444 (c/l/t 0.724/0.668/0.023) 0.35h
epoch  746 train 1.8555 val 1.5612 lr 1.00e-04 0.36h
  e747 s0 g6724 loss 2.0251 (c/l/t 0.805/0.509/0.036) 0.36h
epoch  747 train 1.8438 val 1.8431 lr 1.00e-04 0.36h
  e748 s0 g6733 loss 1.7824 (c/l/t 0.771/0.485/0.026) 0.36h
epoch  748 train 1.9610 val 1.5751 lr 1.00e-04 0.36h
  e749 s0 g6742 loss 1.9167 (c/l/t 0.710/0.460/0.037) 0.36h
epoch  749 train 1.9286 val 1.9492 lr 1.00e-04 0.36h
  e750 s0 g6751 loss 1.8525 (c/l/t 0.756/0.347/0.037) 0.36h
epoch  750 train 1.9401 val 1.8655 lr 1.00e-04 0.36h
  e751 s0 g6760 loss 2.1252 (c/l/t 0.745/0.624/0.038) 0.36h
epoch  751 train 1.8721 val 2.0170 lr 1.00e-04 0.36h
  e752 s0 g6769 loss 1.7867 (c/l/t 0.694/0.461/0.032) 0.36h
epoch  752 train 1.8618 val 1.4710 lr 1.00e-04 0.36h
  e753 s0 g6778 loss 1.7546 (c/l/t 0.685/0.428/0.032) 0.36h
epoch  753 train 1.8087 val 1.5962 lr 1.00e-04 0.36h
  e754 s0 g6787 loss 1.6286 (c/l/t 0.752/0.454/0.021) 0.36h
epoch  754 train 1.8695 val 1.6796 lr 1.00e-04 0.36h
  e755 s0 g6796 loss 1.9636 (c/l/t 0.762/0.581/0.031) 0.36h
epoch  755 train 1.8476 val 2.0313 lr 1.00e-04 0.36h
  e756 s0 g6805 loss 1.6695 (c/l/t 0.732/0.475/0.023) 0.36h
epoch  756 train 1.9600 val 1.5871 lr 1.00e-04 0.36h
  e757 s0 g6814 loss 1.8813 (c/l/t 0.724/0.546/0.031) 0.36h
epoch  757 train 1.9009 val 2.1567 lr 1.00e-04 0.36h
  e758 s0 g6823 loss 1.8247 (c/l/t 0.719/0.634/0.024) 0.36h
epoch  758 train 1.8605 val 1.6104 lr 1.00e-04 0.36h
  e759 s0 g6832 loss 1.9460 (c/l/t 0.757/0.622/0.028) 0.36h
epoch  759 train 1.8557 val 1.8866 lr 1.00e-04 0.36h
  e760 s0 g6841 loss 1.5689 (c/l/t 0.681/0.499/0.019) 0.36h
epoch  760 train 1.8935 val 1.5408 lr 1.00e-04 0.36h
  e761 s0 g6850 loss 1.8872 (c/l/t 0.724/0.672/0.025) 0.36h
epoch  761 train 1.9264 val 1.7115 lr 1.00e-04 0.36h
  e762 s0 g6859 loss 2.0227 (c/l/t 0.727/0.597/0.035) 0.36h
epoch  762 train 1.8451 val 1.8341 lr 1.00e-04 0.36h
  e763 s0 g6868 loss 1.7856 (c/l/t 0.782/0.602/0.020) 0.36h
epoch  763 train 1.9089 val 1.6763 lr 1.00e-04 0.36h
  e764 s0 g6877 loss 1.8890 (c/l/t 0.661/0.515/0.036) 0.36h
epoch  764 train 1.8387 val 1.6042 lr 1.00e-04 0.36h
  e765 s0 g6886 loss 1.8933 (c/l/t 0.733/0.549/0.031) 0.36h
epoch  765 train 1.8173 val 1.5914 lr 1.00e-04 0.36h
  e766 s0 g6895 loss 2.0031 (c/l/t 0.680/0.605/0.036) 0.36h
epoch  766 train 1.8877 val 2.2493 lr 1.00e-04 0.36h
  e767 s0 g6904 loss 2.0246 (c/l/t 0.764/0.609/0.033) 0.36h
epoch  767 train 1.9053 val 1.2990 lr 1.00e-04 0.37h
  e768 s0 g6913 loss 1.8222 (c/l/t 0.693/0.608/0.026) 0.37h
epoch  768 train 1.8177 val 1.5413 lr 1.00e-04 0.37h
  e769 s0 g6922 loss 1.6186 (c/l/t 0.721/0.444/0.023) 0.37h
epoch  769 train 1.8595 val 1.7602 lr 1.00e-04 0.37h
  e770 s0 g6931 loss 1.7690 (c/l/t 0.707/0.539/0.026) 0.37h
epoch  770 train 1.7780 val 1.6071 lr 1.00e-04 0.37h
  e771 s0 g6940 loss 1.7591 (c/l/t 0.752/0.545/0.023) 0.37h
epoch  771 train 1.9040 val 1.5424 lr 1.00e-04 0.37h
  e772 s0 g6949 loss 1.9719 (c/l/t 0.673/0.657/0.032) 0.37h
epoch  772 train 1.8717 val 1.3959 lr 1.00e-04 0.37h
  e773 s0 g6958 loss 1.7485 (c/l/t 0.724/0.534/0.025) 0.37h
epoch  773 train 1.8415 val 1.7844 lr 1.00e-04 0.37h
  e774 s0 g6967 loss 1.6437 (c/l/t 0.685/0.450/0.025) 0.37h
epoch  774 train 1.8727 val 1.5657 lr 1.00e-04 0.37h
  e775 s0 g6976 loss 1.7833 (c/l/t 0.705/0.580/0.025) 0.37h
epoch  775 train 1.8962 val 1.8695 lr 1.00e-04 0.37h
  e776 s0 g6985 loss 2.1673 (c/l/t 0.802/0.663/0.035) 0.37h
epoch  776 train 1.9635 val 1.6421 lr 1.00e-04 0.37h
  e777 s0 g6994 loss 1.9376 (c/l/t 0.749/0.526/0.033) 0.37h
epoch  777 train 1.8939 val 2.4614 lr 1.00e-04 0.37h
  e778 s0 g7003 loss 1.9918 (c/l/t 0.717/0.646/0.031) 0.37h
epoch  778 train 1.8865 val 1.9207 lr 1.00e-04 0.37h
  e779 s0 g7012 loss 1.7983 (c/l/t 0.703/0.625/0.024) 0.37h
epoch  779 train 1.8266 val 1.5883 lr 1.00e-04 0.37h
  e780 s0 g7021 loss 1.8194 (c/l/t 0.710/0.692/0.021) 0.37h
epoch  780 train 1.8615 val 1.3065 lr 1.00e-04 0.37h
  e781 s0 g7030 loss 1.7209 (c/l/t 0.720/0.428/0.029) 0.37h
epoch  781 train 1.8871 val 1.5868 lr 1.00e-04 0.37h
  e782 s0 g7039 loss 1.8569 (c/l/t 0.716/0.530/0.031) 0.37h
epoch  782 train 1.8881 val 1.6675 lr 1.00e-04 0.37h
  e783 s0 g7048 loss 1.6801 (c/l/t 0.681/0.385/0.031) 0.37h
epoch  783 train 1.8959 val 1.5461 lr 1.00e-04 0.37h
  e784 s0 g7057 loss 1.7676 (c/l/t 0.764/0.426/0.029) 0.37h
epoch  784 train 1.9184 val 1.6014 lr 1.00e-04 0.37h
  e785 s0 g7066 loss 1.7277 (c/l/t 0.730/0.507/0.025) 0.37h
epoch  785 train 1.8829 val 1.9212 lr 1.00e-04 0.37h
  e786 s0 g7075 loss 1.7391 (c/l/t 0.691/0.645/0.020) 0.37h
epoch  786 train 1.8522 val 2.3908 lr 1.00e-04 0.37h
  e787 s0 g7084 loss 1.8858 (c/l/t 0.740/0.556/0.029) 0.37h
epoch  787 train 1.7997 val 1.5473 lr 1.00e-04 0.37h
  e788 s0 g7093 loss 1.8659 (c/l/t 0.722/0.572/0.029) 0.37h
epoch  788 train 1.8256 val 1.5179 lr 1.00e-04 0.38h
  e789 s0 g7102 loss 1.9196 (c/l/t 0.744/0.552/0.031) 0.38h
epoch  789 train 1.8276 val 1.8066 lr 1.00e-04 0.38h
  e790 s0 g7111 loss 1.8121 (c/l/t 0.666/0.610/0.027) 0.38h
epoch  790 train 1.8506 val 2.0563 lr 1.00e-04 0.38h
  e791 s0 g7120 loss 1.8078 (c/l/t 0.741/0.447/0.031) 0.38h
epoch  791 train 1.8289 val 1.5782 lr 1.00e-04 0.38h
  e792 s0 g7129 loss 2.0059 (c/l/t 0.802/0.596/0.030) 0.38h
epoch  792 train 1.8783 val 2.4001 lr 1.00e-04 0.38h
  e793 s0 g7138 loss 1.7484 (c/l/t 0.726/0.546/0.024) 0.38h
epoch  793 train 1.7349 val 1.7310 lr 1.00e-04 0.38h
  e794 s0 g7147 loss 1.6914 (c/l/t 0.734/0.535/0.021) 0.38h
epoch  794 train 1.8474 val 2.1692 lr 1.00e-04 0.38h
  e795 s0 g7156 loss 1.6236 (c/l/t 0.656/0.504/0.023) 0.38h
epoch  795 train 1.8693 val 1.8263 lr 1.00e-04 0.38h
  e796 s0 g7165 loss 1.8690 (c/l/t 0.711/0.522/0.032) 0.38h
epoch  796 train 1.8478 val 1.4233 lr 1.00e-04 0.38h
  e797 s0 g7174 loss 1.7033 (c/l/t 0.715/0.557/0.022) 0.38h
epoch  797 train 1.8360 val 2.0752 lr 1.00e-04 0.38h
  e798 s0 g7183 loss 1.9207 (c/l/t 0.725/0.593/0.030) 0.38h
epoch  798 train 1.8604 val 1.5875 lr 1.00e-04 0.38h
  e799 s0 g7192 loss 1.9460 (c/l/t 0.720/0.565/0.033) 0.38h
epoch  799 train 1.8583 val 1.5149 lr 1.00e-04 0.38h
  e800 s0 g7201 loss 1.8687 (c/l/t 0.756/0.658/0.023) 0.38h
epoch  800 train 1.8055 val 1.4447 lr 1.00e-04 0.38h
  e801 s0 g7210 loss 1.6990 (c/l/t 0.734/0.373/0.030) 0.38h
epoch  801 train 1.8023 val 1.3762 lr 1.00e-04 0.38h
  e802 s0 g7219 loss 1.8873 (c/l/t 0.733/0.369/0.039) 0.38h
epoch  802 train 1.8783 val 1.4237 lr 1.00e-04 0.38h
  e803 s0 g7228 loss 1.8754 (c/l/t 0.726/0.507/0.032) 0.38h
epoch  803 train 1.8759 val 1.7523 lr 1.00e-04 0.38h
  e804 s0 g7237 loss 1.8326 (c/l/t 0.691/0.676/0.023) 0.38h
epoch  804 train 1.8576 val 1.6434 lr 1.00e-04 0.38h
  e805 s0 g7246 loss 1.8813 (c/l/t 0.709/0.689/0.024) 0.38h
epoch  805 train 1.8647 val 1.5249 lr 1.00e-04 0.38h
  e806 s0 g7255 loss 1.7711 (c/l/t 0.667/0.535/0.028) 0.38h
epoch  806 train 1.8622 val 1.5957 lr 1.00e-04 0.38h
  e807 s0 g7264 loss 2.0753 (c/l/t 0.702/0.701/0.034) 0.38h
epoch  807 train 1.7946 val 1.6527 lr 1.00e-04 0.38h
  e808 s0 g7273 loss 2.0398 (c/l/t 0.749/0.487/0.040) 0.38h
epoch  808 train 1.7706 val 1.5808 lr 1.00e-04 0.38h
  e809 s0 g7282 loss 1.9478 (c/l/t 0.764/0.659/0.026) 0.38h
epoch  809 train 1.8106 val 1.4721 lr 1.00e-04 0.38h
  e810 s0 g7291 loss 1.6546 (c/l/t 0.762/0.465/0.021) 0.39h
epoch  810 train 1.8398 val 1.2118 lr 1.00e-04 0.39h
  e811 s0 g7300 loss 1.7850 (c/l/t 0.731/0.552/0.025) 0.39h
epoch  811 train 1.7936 val 1.5902 lr 1.00e-04 0.39h
  e812 s0 g7309 loss 1.6443 (c/l/t 0.620/0.600/0.021) 0.39h
epoch  812 train 1.7702 val 1.9849 lr 1.00e-04 0.39h
  e813 s0 g7318 loss 2.1705 (c/l/t 0.735/0.742/0.035) 0.39h
epoch  813 train 1.8755 val 1.6864 lr 1.00e-04 0.39h
  e814 s0 g7327 loss 1.8228 (c/l/t 0.729/0.658/0.022) 0.39h
epoch  814 train 1.8704 val 1.5526 lr 1.00e-04 0.39h
  e815 s0 g7336 loss 1.9655 (c/l/t 0.708/0.612/0.032) 0.39h
epoch  815 train 1.8959 val 2.1342 lr 1.00e-04 0.39h
  e816 s0 g7345 loss 1.7486 (c/l/t 0.693/0.574/0.024) 0.39h
epoch  816 train 1.8319 val 1.6598 lr 1.00e-04 0.39h
  e817 s0 g7354 loss 1.9596 (c/l/t 0.736/0.496/0.036) 0.39h
epoch  817 train 1.8594 val 1.5609 lr 1.00e-04 0.39h
  e818 s0 g7363 loss 1.7425 (c/l/t 0.715/0.565/0.023) 0.39h
epoch  818 train 1.8515 val 1.6924 lr 1.00e-04 0.39h
  e819 s0 g7372 loss 1.9888 (c/l/t 0.776/0.486/0.036) 0.39h
epoch  819 train 1.7887 val 2.0955 lr 1.00e-04 0.39h
  e820 s0 g7381 loss 1.8833 (c/l/t 0.766/0.543/0.029) 0.39h
epoch  820 train 1.8465 val 1.5997 lr 1.00e-04 0.39h
  e821 s0 g7390 loss 1.8578 (c/l/t 0.731/0.436/0.034) 0.39h
epoch  821 train 1.7697 val 1.5211 lr 1.00e-04 0.39h
  e822 s0 g7399 loss 1.8392 (c/l/t 0.751/0.460/0.031) 0.39h
epoch  822 train 1.8485 val 1.2212 lr 1.00e-04 0.39h
  e823 s0 g7408 loss 1.7138 (c/l/t 0.703/0.588/0.021) 0.39h
epoch  823 train 1.8904 val 1.5287 lr 1.00e-04 0.39h
  e824 s0 g7417 loss 1.9440 (c/l/t 0.646/0.681/0.031) 0.39h
epoch  824 train 1.8788 val 2.0050 lr 1.00e-04 0.39h
  e825 s0 g7426 loss 2.0981 (c/l/t 0.700/0.694/0.035) 0.39h
epoch  825 train 1.9459 val 1.9227 lr 1.00e-04 0.39h
  e826 s0 g7435 loss 1.7842 (c/l/t 0.765/0.427/0.030) 0.39h
epoch  826 train 1.8111 val 1.3794 lr 1.00e-04 0.39h
  e827 s0 g7444 loss 1.7857 (c/l/t 0.670/0.550/0.028) 0.39h
epoch  827 train 1.8028 val 1.8549 lr 1.00e-04 0.39h
  e828 s0 g7453 loss 1.7178 (c/l/t 0.756/0.409/0.028) 0.39h
epoch  828 train 1.8484 val 1.5667 lr 1.00e-04 0.39h
  e829 s0 g7462 loss 2.1110 (c/l/t 0.761/0.580/0.039) 0.39h
epoch  829 train 1.9883 val 1.7414 lr 1.00e-04 0.39h
  e830 s0 g7471 loss 1.8778 (c/l/t 0.747/0.489/0.032) 0.39h
epoch  830 train 1.8880 val 1.7369 lr 1.00e-04 0.39h
  e831 s0 g7480 loss 1.9947 (c/l/t 0.741/0.650/0.030) 0.40h
epoch  831 train 1.8814 val 1.5108 lr 1.00e-04 0.40h
  e832 s0 g7489 loss 2.0928 (c/l/t 0.712/0.665/0.036) 0.40h
epoch  832 train 1.8617 val 1.8180 lr 1.00e-04 0.40h
  e833 s0 g7498 loss 1.7914 (c/l/t 0.764/0.507/0.026) 0.40h
epoch  833 train 1.8301 val 1.4205 lr 1.00e-04 0.40h
  e834 s0 g7507 loss 1.9250 (c/l/t 0.747/0.814/0.018) 0.40h
epoch  834 train 1.8353 val 1.7232 lr 1.00e-04 0.40h
  e835 s0 g7516 loss 1.8831 (c/l/t 0.713/0.758/0.021) 0.40h
epoch  835 train 1.7871 val 1.7475 lr 1.00e-04 0.40h
  e836 s0 g7525 loss 1.7270 (c/l/t 0.760/0.423/0.027) 0.40h
epoch  836 train 1.8731 val 1.4487 lr 1.00e-04 0.40h
  e837 s0 g7534 loss 1.7911 (c/l/t 0.706/0.574/0.026) 0.40h
epoch  837 train 1.8111 val 1.4396 lr 1.00e-04 0.40h
  e838 s0 g7543 loss 1.8354 (c/l/t 0.732/0.633/0.024) 0.40h
epoch  838 train 1.8185 val 1.9487 lr 1.00e-04 0.40h
  e839 s0 g7552 loss 1.8863 (c/l/t 0.753/0.561/0.029) 0.40h
epoch  839 train 1.8010 val 1.8004 lr 1.00e-04 0.40h
  e840 s0 g7561 loss 1.8649 (c/l/t 0.724/0.658/0.024) 0.40h
epoch  840 train 1.8299 val 1.5216 lr 1.00e-04 0.40h
  e841 s0 g7570 loss 1.8523 (c/l/t 0.762/0.446/0.032) 0.40h
epoch  841 train 1.8931 val 1.5977 lr 1.00e-04 0.40h
  e842 s0 g7579 loss 1.6004 (c/l/t 0.718/0.464/0.021) 0.40h
epoch  842 train 1.8089 val 1.3916 lr 1.00e-04 0.40h
  e843 s0 g7588 loss 1.8604 (c/l/t 0.706/0.546/0.030) 0.40h
epoch  843 train 1.8614 val 1.9214 lr 1.00e-04 0.40h
  e844 s0 g7597 loss 1.7517 (c/l/t 0.684/0.483/0.029) 0.40h
epoch  844 train 1.8076 val 1.8784 lr 1.00e-04 0.40h
  e845 s0 g7606 loss 1.7091 (c/l/t 0.675/0.527/0.025) 0.40h
epoch  845 train 1.8154 val 1.9623 lr 1.00e-04 0.40h
  e846 s0 g7615 loss 1.7698 (c/l/t 0.739/0.568/0.023) 0.40h
epoch  846 train 1.8139 val 1.6127 lr 1.00e-04 0.40h
  e847 s0 g7624 loss 1.7036 (c/l/t 0.677/0.473/0.028) 0.40h
epoch  847 train 1.7818 val 1.6770 lr 1.00e-04 0.40h
  e848 s0 g7633 loss 1.8318 (c/l/t 0.758/0.453/0.031) 0.40h
epoch  848 train 1.8351 val 1.6992 lr 1.00e-04 0.40h
  e849 s0 g7642 loss 1.5156 (c/l/t 0.734/0.406/0.019) 0.40h
epoch  849 train 1.9092 val 1.6096 lr 1.00e-04 0.40h
  e850 s0 g7651 loss 1.7818 (c/l/t 0.716/0.590/0.024) 0.40h
epoch  850 train 1.8874 val 1.4746 lr 1.00e-04 0.40h
  e851 s0 g7660 loss 1.7383 (c/l/t 0.718/0.533/0.024) 0.40h
epoch  851 train 1.8985 val 1.8223 lr 1.00e-04 0.40h
  e852 s0 g7669 loss 1.7947 (c/l/t 0.771/0.490/0.027) 0.41h
epoch  852 train 1.9380 val 2.0768 lr 1.00e-04 0.41h
  e853 s0 g7678 loss 1.7819 (c/l/t 0.723/0.357/0.035) 0.41h
epoch  853 train 1.8280 val 1.7501 lr 1.00e-04 0.41h
  e854 s0 g7687 loss 1.9484 (c/l/t 0.697/0.722/0.026) 0.41h
epoch  854 train 1.8918 val 1.6264 lr 1.00e-04 0.41h
  e855 s0 g7696 loss 1.6694 (c/l/t 0.759/0.471/0.022) 0.41h
epoch  855 train 1.8282 val 2.2092 lr 1.00e-04 0.41h
  e856 s0 g7705 loss 1.9106 (c/l/t 0.722/0.623/0.028) 0.41h
epoch  856 train 1.8414 val 1.4267 lr 1.00e-04 0.41h
  e857 s0 g7714 loss 1.5941 (c/l/t 0.720/0.509/0.018) 0.41h
epoch  857 train 1.8851 val 1.5164 lr 1.00e-04 0.41h
  e858 s0 g7723 loss 1.7732 (c/l/t 0.764/0.500/0.025) 0.41h
epoch  858 train 1.8595 val 1.6583 lr 1.00e-04 0.41h
  e859 s0 g7732 loss 2.2340 (c/l/t 0.781/0.743/0.035) 0.41h
epoch  859 train 1.8406 val 1.5979 lr 1.00e-04 0.41h
  e860 s0 g7741 loss 1.5978 (c/l/t 0.673/0.487/0.022) 0.41h
epoch  860 train 1.8036 val 1.9348 lr 1.00e-04 0.41h
  e861 s0 g7750 loss 1.8432 (c/l/t 0.747/0.429/0.033) 0.41h
epoch  861 train 1.8078 val 2.3707 lr 1.00e-04 0.41h
  e862 s0 g7759 loss 1.6578 (c/l/t 0.745/0.393/0.026) 0.41h
epoch  862 train 1.7937 val 1.7680 lr 1.00e-04 0.41h
  e863 s0 g7768 loss 1.8090 (c/l/t 0.755/0.549/0.025) 0.41h
epoch  863 train 1.7644 val 1.5990 lr 1.00e-04 0.41h
  e864 s0 g7777 loss 2.0620 (c/l/t 0.717/0.687/0.033) 0.41h
epoch  864 train 1.7933 val 1.4898 lr 1.00e-04 0.41h
  e865 s0 g7786 loss 1.5990 (c/l/t 0.691/0.494/0.021) 0.41h
epoch  865 train 1.8290 val 1.7299 lr 1.00e-04 0.41h
  e866 s0 g7795 loss 1.7773 (c/l/t 0.744/0.508/0.026) 0.41h
epoch  866 train 1.8912 val 1.2735 lr 1.00e-04 0.41h
  e867 s0 g7804 loss 2.3086 (c/l/t 0.727/0.694/0.044) 0.41h
epoch  867 train 1.8057 val 1.4576 lr 1.00e-04 0.41h
  e868 s0 g7813 loss 1.9875 (c/l/t 0.807/0.701/0.024) 0.41h
epoch  868 train 1.7483 val 1.4190 lr 1.00e-04 0.41h
  e869 s0 g7822 loss 1.6391 (c/l/t 0.696/0.509/0.022) 0.41h
epoch  869 train 1.7608 val 1.6810 lr 1.00e-04 0.41h
  e870 s0 g7831 loss 1.7265 (c/l/t 0.724/0.516/0.024) 0.41h
epoch  870 train 1.8077 val 1.5322 lr 1.00e-04 0.41h
  e871 s0 g7840 loss 1.7540 (c/l/t 0.778/0.502/0.024) 0.41h
epoch  871 train 1.7612 val 1.6363 lr 1.00e-04 0.41h
  e872 s0 g7849 loss 1.6734 (c/l/t 0.776/0.419/0.024) 0.41h
epoch  872 train 1.7547 val 1.4444 lr 1.00e-04 0.41h
  e873 s0 g7858 loss 2.0872 (c/l/t 0.706/0.664/0.036) 0.42h
epoch  873 train 1.8927 val 1.8295 lr 1.00e-04 0.42h
  e874 s0 g7867 loss 1.6283 (c/l/t 0.726/0.403/0.025) 0.42h
epoch  874 train 1.7634 val 1.6588 lr 1.00e-04 0.42h
  e875 s0 g7876 loss 1.9274 (c/l/t 0.716/0.428/0.039) 0.42h
epoch  875 train 1.7900 val 1.5388 lr 1.00e-04 0.42h
  e876 s0 g7885 loss 1.5943 (c/l/t 0.701/0.414/0.024) 0.42h
epoch  876 train 1.7053 val 1.8685 lr 1.00e-04 0.42h
  e877 s0 g7894 loss 1.4444 (c/l/t 0.705/0.312/0.021) 0.42h
epoch  877 train 1.8185 val 1.7105 lr 1.00e-04 0.42h
  e878 s0 g7903 loss 1.8148 (c/l/t 0.753/0.593/0.023) 0.42h
epoch  878 train 1.7936 val 1.3731 lr 1.00e-04 0.42h
  e879 s0 g7912 loss 1.6512 (c/l/t 0.689/0.411/0.028) 0.42h
epoch  879 train 1.7491 val 1.7013 lr 1.00e-04 0.42h
  e880 s0 g7921 loss 1.7934 (c/l/t 0.704/0.611/0.024) 0.42h
epoch  880 train 1.7574 val 1.4239 lr 1.00e-04 0.42h
  e881 s0 g7930 loss 1.6424 (c/l/t 0.763/0.500/0.019) 0.42h
epoch  881 train 1.7021 val 1.6421 lr 1.00e-04 0.42h
  e882 s0 g7939 loss 1.9461 (c/l/t 0.724/0.547/0.034) 0.42h
epoch  882 train 1.8229 val 1.6542 lr 1.00e-04 0.42h
  e883 s0 g7948 loss 1.8062 (c/l/t 0.702/0.515/0.029) 0.42h
epoch  883 train 1.8296 val 2.2317 lr 1.00e-04 0.42h
  e884 s0 g7957 loss 1.6109 (c/l/t 0.735/0.397/0.024) 0.42h
epoch  884 train 1.7341 val 1.6420 lr 1.00e-04 0.42h
  e885 s0 g7966 loss 1.7988 (c/l/t 0.703/0.641/0.023) 0.42h
epoch  885 train 1.8601 val 1.6402 lr 1.00e-04 0.42h
  e886 s0 g7975 loss 1.8248 (c/l/t 0.775/0.582/0.023) 0.42h
epoch  886 train 1.8344 val 1.6294 lr 1.00e-04 0.42h
  e887 s0 g7984 loss 1.8001 (c/l/t 0.705/0.657/0.022) 0.42h
epoch  887 train 1.8433 val 1.6078 lr 1.00e-04 0.42h
  e888 s0 g7993 loss 1.6294 (c/l/t 0.657/0.585/0.019) 0.42h
epoch  888 train 1.7931 val 1.4024 lr 1.00e-04 0.42h
  e889 s0 g8002 loss 1.7430 (c/l/t 0.698/0.623/0.021) 0.42h
epoch  889 train 1.8469 val 1.5640 lr 1.00e-04 0.42h
  e890 s0 g8011 loss 2.1609 (c/l/t 0.730/0.461/0.048) 0.42h
epoch  890 train 1.8058 val 1.5877 lr 1.00e-04 0.42h
  e891 s0 g8020 loss 1.8348 (c/l/t 0.746/0.469/0.031) 0.42h
epoch  891 train 1.8142 val 1.9348 lr 1.00e-04 0.42h
  e892 s0 g8029 loss 2.1306 (c/l/t 0.696/0.520/0.046) 0.42h
epoch  892 train 1.8427 val 1.9348 lr 1.00e-04 0.42h
  e893 s0 g8038 loss 1.6934 (c/l/t 0.720/0.398/0.029) 0.42h
epoch  893 train 1.7884 val 1.7095 lr 1.00e-04 0.43h
  e894 s0 g8047 loss 1.8937 (c/l/t 0.723/0.632/0.027) 0.43h
epoch  894 train 1.7643 val 1.6650 lr 1.00e-04 0.43h
  e895 s0 g8056 loss 1.5529 (c/l/t 0.732/0.438/0.019) 0.43h
epoch  895 train 1.8045 val 1.6048 lr 1.00e-04 0.43h
  e896 s0 g8065 loss 1.8941 (c/l/t 0.697/0.594/0.030) 0.43h
epoch  896 train 1.7900 val 1.8577 lr 1.00e-04 0.43h
  e897 s0 g8074 loss 1.7259 (c/l/t 0.722/0.358/0.032) 0.43h
epoch  897 train 1.8215 val 1.9952 lr 1.00e-04 0.43h
  e898 s0 g8083 loss 1.8407 (c/l/t 0.762/0.625/0.023) 0.43h
epoch  898 train 1.7770 val 1.5634 lr 1.00e-04 0.43h
  e899 s0 g8092 loss 1.7785 (c/l/t 0.741/0.399/0.032) 0.43h
epoch  899 train 1.7790 val 1.6315 lr 1.00e-04 0.43h
  e900 s0 g8101 loss 1.8197 (c/l/t 0.747/0.547/0.026) 0.43h
epoch  900 train 1.8002 val 1.5318 lr 1.00e-04 0.43h
  e901 s0 g8110 loss 1.6574 (c/l/t 0.690/0.512/0.023) 0.43h
epoch  901 train 1.7741 val 1.6774 lr 1.00e-04 0.43h
  e902 s0 g8119 loss 1.8032 (c/l/t 0.739/0.557/0.025) 0.43h
epoch  902 train 1.8514 val 1.5909 lr 1.00e-04 0.43h
  e903 s0 g8128 loss 1.8621 (c/l/t 0.728/0.515/0.031) 0.43h
epoch  903 train 1.8048 val 1.6363 lr 1.00e-04 0.43h
  e904 s0 g8137 loss 1.8245 (c/l/t 0.735/0.577/0.026) 0.43h
epoch  904 train 1.7710 val 1.6694 lr 1.00e-04 0.43h
  e905 s0 g8146 loss 1.7045 (c/l/t 0.695/0.533/0.024) 0.43h
epoch  905 train 1.7996 val 1.9937 lr 1.00e-04 0.43h
  e906 s0 g8155 loss 1.7184 (c/l/t 0.758/0.539/0.021) 0.43h
epoch  906 train 1.7722 val 2.2811 lr 1.00e-04 0.43h
  e907 s0 g8164 loss 1.7710 (c/l/t 0.732/0.618/0.021) 0.43h
epoch  907 train 1.8245 val 1.5356 lr 1.00e-04 0.43h
  e908 s0 g8173 loss 1.7927 (c/l/t 0.723/0.457/0.031) 0.43h
epoch  908 train 1.7422 val 1.4705 lr 1.00e-04 0.43h
  e909 s0 g8182 loss 2.0872 (c/l/t 0.790/0.581/0.036) 0.43h
epoch  909 train 1.8090 val 1.5347 lr 1.00e-04 0.43h
  e910 s0 g8191 loss 1.8036 (c/l/t 0.742/0.546/0.026) 0.43h
epoch  910 train 1.7999 val 1.7010 lr 1.00e-04 0.43h
  e911 s0 g8200 loss 1.6906 (c/l/t 0.754/0.500/0.022) 0.43h
epoch  911 train 1.8361 val 1.6218 lr 1.00e-04 0.43h
  e912 s0 g8209 loss 1.7536 (c/l/t 0.727/0.557/0.023) 0.43h
epoch  912 train 1.7575 val 1.6956 lr 1.00e-04 0.43h
  e913 s0 g8218 loss 1.7808 (c/l/t 0.732/0.620/0.021) 0.43h
epoch  913 train 1.7681 val 1.3203 lr 1.00e-04 0.43h
  e914 s0 g8227 loss 1.7912 (c/l/t 0.707/0.573/0.026) 0.43h
epoch  914 train 1.7532 val 1.9891 lr 1.00e-04 0.44h
  e915 s0 g8236 loss 1.7720 (c/l/t 0.780/0.360/0.032) 0.44h
epoch  915 train 1.7928 val 1.5827 lr 1.00e-04 0.44h
  e916 s0 g8245 loss 2.0730 (c/l/t 0.756/0.635/0.034) 0.44h
epoch  916 train 1.7147 val 1.5181 lr 1.00e-04 0.44h
  e917 s0 g8254 loss 1.5330 (c/l/t 0.700/0.520/0.016) 0.44h
epoch  917 train 1.7763 val 1.6903 lr 1.00e-04 0.44h
  e918 s0 g8263 loss 1.7930 (c/l/t 0.762/0.492/0.027) 0.44h
epoch  918 train 1.7940 val 1.5708 lr 1.00e-04 0.44h
  e919 s0 g8272 loss 1.6616 (c/l/t 0.727/0.511/0.021) 0.44h
epoch  919 train 1.8352 val 1.7033 lr 1.00e-04 0.44h
  e920 s0 g8281 loss 1.8703 (c/l/t 0.697/0.681/0.025) 0.44h
epoch  920 train 1.8131 val 1.3539 lr 1.00e-04 0.44h
  e921 s0 g8290 loss 1.8895 (c/l/t 0.723/0.527/0.032) 0.44h
epoch  921 train 1.7416 val 2.0607 lr 1.00e-04 0.44h
  e922 s0 g8299 loss 1.6663 (c/l/t 0.747/0.497/0.021) 0.44h
epoch  922 train 1.7899 val 1.4110 lr 1.00e-04 0.44h
  e923 s0 g8308 loss 1.7985 (c/l/t 0.784/0.418/0.030) 0.44h
epoch  923 train 1.7495 val 1.9042 lr 1.00e-04 0.44h
  e924 s0 g8317 loss 1.7155 (c/l/t 0.725/0.454/0.027) 0.44h
epoch  924 train 1.7337 val 1.5377 lr 1.00e-04 0.44h
  e925 s0 g8326 loss 1.8464 (c/l/t 0.683/0.590/0.029) 0.44h
epoch  925 train 1.8301 val 1.5343 lr 1.00e-04 0.44h
  e926 s0 g8335 loss 1.8030 (c/l/t 0.731/0.440/0.032) 0.44h
epoch  926 train 1.8193 val 1.4556 lr 1.00e-04 0.44h
  e927 s0 g8344 loss 1.6622 (c/l/t 0.689/0.508/0.023) 0.44h
epoch  927 train 1.7650 val 1.5436 lr 1.00e-04 0.44h
  e928 s0 g8353 loss 1.7383 (c/l/t 0.767/0.571/0.020) 0.44h
epoch  928 train 1.7818 val 2.3424 lr 1.00e-04 0.44h
  e929 s0 g8362 loss 1.6572 (c/l/t 0.734/0.507/0.021) 0.44h
epoch  929 train 1.8078 val 1.3636 lr 1.00e-04 0.44h
  e930 s0 g8371 loss 1.9905 (c/l/t 0.780/0.748/0.023) 0.44h
epoch  930 train 1.8164 val 1.5121 lr 1.00e-04 0.44h
  e931 s0 g8380 loss 1.7907 (c/l/t 0.687/0.563/0.027) 0.44h
epoch  931 train 1.7977 val 1.4157 lr 1.00e-04 0.44h
  e932 s0 g8389 loss 2.0484 (c/l/t 0.736/0.605/0.035) 0.44h
epoch  932 train 1.8598 val 2.1487 lr 1.00e-04 0.44h
  e933 s0 g8398 loss 1.7417 (c/l/t 0.798/0.468/0.024) 0.44h
epoch  933 train 1.8083 val 2.1625 lr 1.00e-04 0.44h
  e934 s0 g8407 loss 1.8141 (c/l/t 0.734/0.451/0.031) 0.44h
epoch  934 train 1.7547 val 1.7023 lr 1.00e-04 0.44h
  e935 s0 g8416 loss 1.5947 (c/l/t 0.719/0.471/0.020) 0.44h
epoch  935 train 1.6974 val 1.4204 lr 1.00e-04 0.44h
  e936 s0 g8425 loss 1.7710 (c/l/t 0.746/0.521/0.025) 0.45h
epoch  936 train 1.8229 val 1.6482 lr 1.00e-04 0.45h
  e937 s0 g8434 loss 1.7936 (c/l/t 0.734/0.518/0.027) 0.45h
epoch  937 train 1.7528 val 1.5569 lr 1.00e-04 0.45h
  e938 s0 g8443 loss 1.9409 (c/l/t 0.798/0.776/0.018) 0.45h
epoch  938 train 1.8385 val 1.4486 lr 1.00e-04 0.45h
  e939 s0 g8452 loss 1.6502 (c/l/t 0.731/0.501/0.021) 0.45h
epoch  939 train 1.9005 val 1.4809 lr 1.00e-04 0.45h
  e940 s0 g8461 loss 1.7653 (c/l/t 0.765/0.390/0.030) 0.45h
epoch  940 train 1.7519 val 1.3745 lr 1.00e-04 0.45h
  e941 s0 g8470 loss 1.7387 (c/l/t 0.691/0.596/0.023) 0.45h
epoch  941 train 1.7997 val 1.8444 lr 1.00e-04 0.45h
  e942 s0 g8479 loss 1.8618 (c/l/t 0.696/0.648/0.026) 0.45h
epoch  942 train 1.8146 val 1.6674 lr 1.00e-04 0.45h
  e943 s0 g8488 loss 1.9095 (c/l/t 0.740/0.716/0.023) 0.45h
epoch  943 train 1.8022 val 1.5591 lr 1.00e-04 0.45h
  e944 s0 g8497 loss 1.5525 (c/l/t 0.665/0.493/0.020) 0.45h
epoch  944 train 1.6992 val 2.1087 lr 1.00e-04 0.45h
  e945 s0 g8506 loss 1.5396 (c/l/t 0.677/0.493/0.018) 0.45h
epoch  945 train 1.6844 val 1.6468 lr 1.00e-04 0.45h
  e946 s0 g8515 loss 1.9552 (c/l/t 0.681/0.737/0.027) 0.45h
epoch  946 train 1.8050 val 1.7564 lr 1.00e-04 0.45h
  e947 s0 g8524 loss 1.8331 (c/l/t 0.693/0.487/0.033) 0.45h
epoch  947 train 1.8461 val 1.3956 lr 1.00e-04 0.45h
  e948 s0 g8533 loss 1.6753 (c/l/t 0.709/0.611/0.018) 0.45h
epoch  948 train 1.8175 val 1.6127 lr 1.00e-04 0.45h
  e949 s0 g8542 loss 1.6935 (c/l/t 0.692/0.521/0.024) 0.45h
epoch  949 train 1.7469 val 1.7865 lr 1.00e-04 0.45h
  e950 s0 g8551 loss 1.6387 (c/l/t 0.681/0.520/0.022) 0.45h
epoch  950 train 1.8033 val 1.3641 lr 1.00e-04 0.45h
  e951 s0 g8560 loss 1.7262 (c/l/t 0.698/0.654/0.019) 0.45h
epoch  951 train 1.7511 val 1.4423 lr 1.00e-04 0.45h
  e952 s0 g8569 loss 1.7792 (c/l/t 0.688/0.529/0.028) 0.45h
epoch  952 train 1.7924 val 1.4597 lr 1.00e-04 0.45h
  e953 s0 g8578 loss 1.8525 (c/l/t 0.674/0.461/0.036) 0.45h
epoch  953 train 1.7124 val 1.5844 lr 1.00e-04 0.45h
  e954 s0 g8587 loss 1.6182 (c/l/t 0.675/0.480/0.023) 0.45h
epoch  954 train 1.6837 val 2.1206 lr 1.00e-04 0.45h
  e955 s0 g8596 loss 1.7135 (c/l/t 0.696/0.655/0.018) 0.45h
epoch  955 train 1.7345 val 1.9137 lr 1.00e-04 0.45h
  e956 s0 g8605 loss 1.4434 (c/l/t 0.707/0.359/0.019) 0.45h
epoch  956 train 1.7327 val 1.4633 lr 1.00e-04 0.45h
  e957 s0 g8614 loss 2.2130 (c/l/t 0.769/0.732/0.036) 0.46h
epoch  957 train 1.8358 val 2.0090 lr 1.00e-04 0.46h
  e958 s0 g8623 loss 1.6253 (c/l/t 0.705/0.479/0.022) 0.46h
epoch  958 train 1.7285 val 2.1122 lr 1.00e-04 0.46h
  e959 s0 g8632 loss 1.7302 (c/l/t 0.655/0.529/0.027) 0.46h
epoch  959 train 1.8032 val 1.6040 lr 1.00e-04 0.46h
  e960 s0 g8641 loss 1.6524 (c/l/t 0.697/0.536/0.021) 0.46h
epoch  960 train 1.7581 val 1.2820 lr 1.00e-04 0.46h
  e961 s0 g8650 loss 1.6059 (c/l/t 0.749/0.456/0.020) 0.46h
epoch  961 train 1.7638 val 1.3751 lr 1.00e-04 0.46h
  e962 s0 g8659 loss 1.8823 (c/l/t 0.731/0.570/0.029) 0.46h
epoch  962 train 1.8369 val 1.5363 lr 1.00e-04 0.46h
  e963 s0 g8668 loss 1.7089 (c/l/t 0.638/0.628/0.022) 0.46h
epoch  963 train 1.7294 val 1.3866 lr 1.00e-04 0.46h
  e964 s0 g8677 loss 1.7729 (c/l/t 0.727/0.668/0.019) 0.46h
epoch  964 train 1.7217 val 1.5873 lr 1.00e-04 0.46h
  e965 s0 g8686 loss 1.7183 (c/l/t 0.756/0.516/0.022) 0.46h
epoch  965 train 1.7143 val 1.9145 lr 1.00e-04 0.46h
  e966 s0 g8695 loss 1.8953 (c/l/t 0.750/0.677/0.023) 0.46h
epoch  966 train 1.7441 val 1.7100 lr 1.00e-04 0.46h
  e967 s0 g8704 loss 1.7651 (c/l/t 0.751/0.433/0.029) 0.46h
epoch  967 train 1.7073 val 1.4013 lr 1.00e-04 0.46h
  e968 s0 g8713 loss 1.7907 (c/l/t 0.701/0.692/0.020) 0.46h
epoch  968 train 1.7517 val 1.5482 lr 1.00e-04 0.46h
  e969 s0 g8722 loss 1.5967 (c/l/t 0.751/0.473/0.019) 0.46h
epoch  969 train 1.7429 val 1.9555 lr 1.00e-04 0.46h
  e970 s0 g8731 loss 1.8931 (c/l/t 0.659/0.575/0.033) 0.46h
epoch  970 train 1.7299 val 1.5241 lr 1.00e-04 0.46h
  e971 s0 g8740 loss 1.7371 (c/l/t 0.755/0.502/0.024) 0.46h
epoch  971 train 1.6995 val 1.5681 lr 1.00e-04 0.46h
  e972 s0 g8749 loss 1.8037 (c/l/t 0.733/0.496/0.029) 0.46h
epoch  972 train 1.8121 val 1.4213 lr 1.00e-04 0.46h
  e973 s0 g8758 loss 1.5507 (c/l/t 0.691/0.424/0.022) 0.46h
epoch  973 train 1.7553 val 1.7508 lr 1.00e-04 0.46h
  e974 s0 g8767 loss 1.6611 (c/l/t 0.685/0.491/0.024) 0.46h
epoch  974 train 1.6990 val 2.2254 lr 1.00e-04 0.46h
  e975 s0 g8776 loss 1.6376 (c/l/t 0.669/0.430/0.027) 0.46h
epoch  975 train 1.7036 val 1.4081 lr 1.00e-04 0.46h
  e976 s0 g8785 loss 1.7896 (c/l/t 0.670/0.627/0.025) 0.46h
epoch  976 train 1.8495 val 1.5487 lr 1.00e-04 0.46h
  e977 s0 g8794 loss 1.8241 (c/l/t 0.725/0.562/0.027) 0.46h
epoch  977 train 1.6940 val 2.0521 lr 1.00e-04 0.46h
  e978 s0 g8803 loss 1.6150 (c/l/t 0.772/0.394/0.022) 0.47h
epoch  978 train 1.7704 val 1.5921 lr 1.00e-04 0.47h
  e979 s0 g8812 loss 1.6176 (c/l/t 0.743/0.447/0.021) 0.47h
epoch  979 train 1.7655 val 1.5887 lr 1.00e-04 0.47h
  e980 s0 g8821 loss 1.7006 (c/l/t 0.727/0.551/0.021) 0.47h
epoch  980 train 1.7250 val 1.4870 lr 1.00e-04 0.47h
  e981 s0 g8830 loss 1.6316 (c/l/t 0.692/0.559/0.019) 0.47h
epoch  981 train 1.7941 val 1.6534 lr 1.00e-04 0.47h
  e982 s0 g8839 loss 1.9452 (c/l/t 0.720/0.564/0.033) 0.47h
epoch  982 train 1.7592 val 1.4977 lr 1.00e-04 0.47h
  e983 s0 g8848 loss 1.9569 (c/l/t 0.694/0.606/0.033) 0.47h
epoch  983 train 1.7253 val 1.5250 lr 1.00e-04 0.47h
  e984 s0 g8857 loss 2.0168 (c/l/t 0.732/0.550/0.037) 0.47h
epoch  984 train 1.7144 val 1.7546 lr 1.00e-04 0.47h
  e985 s0 g8866 loss 1.6791 (c/l/t 0.659/0.600/0.021) 0.47h
epoch  985 train 1.7728 val 2.3137 lr 1.00e-04 0.47h
  e986 s0 g8875 loss 1.9701 (c/l/t 0.675/0.476/0.041) 0.47h
epoch  986 train 1.7807 val 1.6995 lr 1.00e-04 0.47h
  e987 s0 g8884 loss 1.5291 (c/l/t 0.696/0.505/0.016) 0.47h
epoch  987 train 1.7587 val 1.4446 lr 1.00e-04 0.47h
  e988 s0 g8893 loss 1.7657 (c/l/t 0.706/0.565/0.025) 0.47h
epoch  988 train 1.7763 val 1.5097 lr 1.00e-04 0.47h
  e989 s0 g8902 loss 1.7572 (c/l/t 0.624/0.612/0.026) 0.47h
epoch  989 train 1.7527 val 1.6331 lr 1.00e-04 0.47h
  e990 s0 g8911 loss 1.9343 (c/l/t 0.715/0.610/0.030) 0.47h
epoch  990 train 1.8557 val 1.6909 lr 1.00e-04 0.47h
  e991 s0 g8920 loss 1.7211 (c/l/t 0.699/0.531/0.025) 0.47h
epoch  991 train 1.7480 val 1.5914 lr 1.00e-04 0.47h
  e992 s0 g8929 loss 1.5450 (c/l/t 0.669/0.531/0.017) 0.47h
epoch  992 train 1.7717 val 1.8173 lr 1.00e-04 0.47h
  e993 s0 g8938 loss 1.7106 (c/l/t 0.714/0.594/0.020) 0.47h
epoch  993 train 1.6860 val 1.2908 lr 1.00e-04 0.47h
  e994 s0 g8947 loss 1.6754 (c/l/t 0.666/0.564/0.022) 0.47h
epoch  994 train 1.7212 val 1.5779 lr 1.00e-04 0.47h
  e995 s0 g8956 loss 2.0173 (c/l/t 0.759/0.744/0.026) 0.47h
epoch  995 train 1.8041 val 1.8052 lr 1.00e-04 0.47h
  e996 s0 g8965 loss 1.6936 (c/l/t 0.715/0.390/0.029) 0.47h
epoch  996 train 1.7646 val 1.9633 lr 1.00e-04 0.47h
  e997 s0 g8974 loss 1.6310 (c/l/t 0.742/0.407/0.024) 0.47h
epoch  997 train 1.7802 val 1.6238 lr 1.00e-04 0.47h
  e998 s0 g8983 loss 1.6707 (c/l/t 0.672/0.460/0.027) 0.47h
epoch  998 train 1.7710 val 1.3941 lr 1.00e-04 0.47h
  e999 s0 g8992 loss 1.6099 (c/l/t 0.698/0.490/0.021) 0.47h
epoch  999 train 1.7274 val 1.5318 lr 1.00e-04 0.48h
done. best val 1.1965 -> gen_1k.ckpt (latest -> gen_1k_latest.ckpt)
